10%_retina,50%_retina,10%_vitreous,50%_vitreous,10%_aqueous,50%_aqueous,dose,k_d_value,k_off_value,r_c=5.1_multiplier,del_r=1.25_multiplier,dds_geometry,total_r1,total_r2,total_delr,fraction_pcl,dataset,iteration
66.7033351667583,249.812490624531,240.51202560128,405.520276013801,230.711535576779,401.22006100305,2,19000,0.864,1,1,Chitosan_PCL,0.00051,0.000635,0.000125,0.196850393700787,With_DDS_dose,0
58.7029351467573,109.605480274014,106.305315265763,146.107305365268,103.805190259513,145.007250362518,2,19000,0.864,0.5,1,Chitosan_PCL,0.000255,0.00038,0.000125,0.328947368421053,BiLayer_Changing_Chitosan,0
54.3027151357568,363.118155907795,344.117205860293,715.135756787839,323.31616580829,705.335266763338,2,19000,0.864,1.5,1,Chitosan_PCL,0.000765,0.00089,0.000125,0.140449438202247,BiLayer_Changing_Chitosan,0
43.9021951097555,417.720886044302,389.319465973299,1029.65148257413,356.117805890295,1012.85064253213,2,19000,0.864,2,1,Chitosan_PCL,0.00102,0.001145,0.000125,0.109170305676856,BiLayer_Changing_Chitosan,0
32.401620081004,394.119705985299,356.117805890295,1569.77848892445,313.915695784789,1531.47657382869,2,19000,0.864,3,1,Chitosan_PCL,0.00153,0.001655,0.000125,0.0755287009063445,BiLayer_Changing_Chitosan,0
26.7013350667533,316.41582079104,281.214060703035,1885.99429971499,243.11215560778,1824.29121456073,2,19000,0.864,4,1,Chitosan_PCL,0.00204,0.002165,0.000125,0.0577367205542726,BiLayer_Changing_Chitosan,0
23.4011700585029,246.112305615281,216.410820541027,1972.89864493225,185.309265463273,1897.29486474324,2,19000,0.864,5,1,Chitosan_PCL,0.00255,0.002675,0.000125,0.0467289719626169,BiLayer_Changing_Chitosan,0
66.6033301665083,249.612480624031,240.31201560078,405.320266013301,230.511525576279,401.02005100255,2,19000,0.864,1,0.01,Chitosan_PCL,0.00051,0.00051125,1.24999999999995e-06,0.002444987775061,BiLayer_Changing_PCL,0
68.4034201710085,252.012600630031,242.71213560678,407.920396019801,232.911645582279,403.62018100905,2,19000,0.864,1,10,Chitosan_PCL,0.00051,0.00176,0.00125,0.710227272727273,BiLayer_Changing_PCL,0
72.5036251812591,256.312815640782,246.912345617281,411.720586029301,237.11185559278,407.120356017801,2,19000,0.864,1,20,Chitosan_PCL,0.00051,0.00301,0.0025,0.830564784053156,BiLayer_Changing_PCL,0
75.4037701885094,258.812940647032,249.612480624031,415.020751037552,239.91199559978,410.520526026301,2,19000,0.864,1,25,Chitosan_PCL,0.00051,0.003635,0.003125,0.859697386519945,BiLayer_Changing_PCL,0
79.1039551977599,262.313115655783,253.312665633282,419.120956047802,243.61218060903,414.520726036302,2,19000,0.864,1,30,Chitosan_PCL,0.00051,0.00426,0.00375,0.880281690140845,BiLayer_Changing_PCL,0
36.7018350917546,58.8029401470073,56.9028451422571,73.1036551827591,55.902795139757,72.6036301815091,2,19000,0.864,0.1,10,Chitosan_PCL,5.1e-05,0.001301,0.00125,0.960799385088393,BiLayer_Changing_Both,0
58.8029401470073,109.705485274264,106.405320266013,146.207310365518,103.905195259763,145.107255362768,2,19000,0.864,0.5,2,Chitosan_PCL,0.000255,0.000505,0.00025,0.495049504950495,BiLayer_Changing_Both,0
54.5027251362568,363.418170908545,344.917245862293,715.735786789339,323.71618580929,705.935296764838,2,19000,0.864,1.5,3,Chitosan_PCL,0.000765,0.00114,0.000375,0.328947368421053,BiLayer_Changing_Both,0
44.4022201110055,418.820941047052,390.219510975549,1031.15155757788,357.417870893545,1014.45072253613,2,19000,0.864,2,5,Chitosan_PCL,0.00102,0.001645,0.000625,0.379939209726444,BiLayer_Changing_Both,0
32.8016400820041,395.619780989049,357.817890894545,1571.57857892895,316.11580579029,1532.27661383069,2,19000,0.864,3,6,Chitosan_PCL,0.00153,0.00228,0.00075,0.328947368421053,BiLayer_Changing_Both,0
23.5011750587529,246.312315615781,216.610830541527,1977.998899945,185.209260463023,1883.49417470874,2,19000,0.864,5,0.5,Chitosan_PCL,0.00255,0.0026125,6.25000000000001e-05,0.0239234449760766,BiLayer_Changing_Both,0
35.2017600880044,57.2028601430072,55.4027701385069,71.5035751787589,54.4027201360068,71.1035551777589,2,19000,0.864,0,0,PCL,0,6.35e-08,6.35e-08,1,PCL_single,0
35.2017600880044,57.3028651432572,55.4027701385069,71.6035801790089,54.4027201360068,71.1035551777589,2,19000,0.864,0,0,PCL,0,0.000635,0.000635,1,PCL_single,0
39.701985099255,61.7030851542577,59.9029951497575,76.0038001900095,58.8029401470073,75.6037801890095,2,19000,0.864,0.0001,0,Chitosan,0,5.1e-08,0,0,Chitosan_single,0
39.801990099505,61.8030901545077,60.0030001500075,76.1038051902595,59.0029501475074,75.7037851892595,2,19000,0.864,0.1,0,Chitosan,0,5.1e-05,0,0,Chitosan_single,0
47.2023601180059,73.2036601830091,71.2035601780089,90.0045002250113,70.0035001750088,89.5044752237612,2,19000,0.864,0.5,0,Chitosan,0,0.000255,0,0,Chitosan_single,0
59.3029651482574,146.007300365018,140.907045352268,216.110805540277,136.406820341017,214.110705535277,2,19000,0.864,1,0,Chitosan,0,0.00051,0,0,Chitosan_single,0
45.8022901145057,324.816240812041,298.914945747287,937.146857342867,270.613530676534,918.445922296115,2,19000,0.864,3,0,Chitosan,0,0.00153,0,0,Chitosan_single,0
40.6020301015051,248.512425621281,222.011100555028,1422.27111355568,192.909645482274,1374.36871843592,2,19000,0.864,5,0,Chitosan,0,0.00255,0,0,Chitosan_single,0
36.8018400920046,104.905245262263,92.6046302315116,1226.1613080654,83.3041652082604,1162.85814290715,2,19000,0.864,10,0,Chitosan,0,0.0051,0,0,Chitosan_single,0
38.8015520620825,424.216968678747,390.515620624825,1245.04980199208,352.014080563223,1220.64882595304,2,19000,0.864,2.36012963732581,3.13084976695989,Chitosan_PCL,0.00120366611503616,0.00159502233590615,0.000391356220869986,0.245360965837292,BO_suggestion,1
39.0015600624025,424.416976679067,390.815632625305,1237.7495099804,352.614104564183,1214.04856194248,2,19000,0.864,2.34819206934779,3.14783635823269,Chitosan_PCL,0.00119757795536737,0.00159105750014646,0.000393479544779086,0.247306929349106,BO_suggestion,2
39.1015640625625,424.616984679387,391.115644625785,1232.34929397176,352.814112564503,1208.94835793432,2,19000,0.864,2.33841603427951,3.12634448164106,Chitosan_PCL,0.00119259217748255,0.00158338523768768,0.000390793060205132,0.246808578799075,BO_suggestion,3
39.2015680627225,424.616984679387,391.215648625945,1227.2490899636,352.914116564663,1203.84815392616,2,19000,0.864,2.32963096485854,3.09015130176943,Chitosan_PCL,0.00118811179207786,0.00157438070479904,0.000386268912721179,0.245346574398271,BO_suggestion,4
39.3015720628825,424.816992679707,391.515660626425,1221.248849954,353.614144565783,1198.2479299172,2,19000,0.864,2.31998797821157,3.03766526804898,Chitosan_PCL,0.0011831938688879,0.00156290202739402,0.000379708158506123,0.242950710825583,BO_suggestion,5
39.5015800632025,424.716988679547,391.515660626425,1214.2485699428,353.914156566263,1191.84767390696,2,19000,0.864,2.30806100967051,2.95888649897527,Chitosan_PCL,0.00117711111493196,0.00154697192730387,0.000369860812371908,0.239086958104352,BO_suggestion,6
38.5015400616025,423.916956678267,389.815592623705,1262.55050202008,351.114044561782,1237.64950598024,2,19000,0.864,2.39137696113957,3.85754880537476,Chitosan_PCL,0.00121960225018118,0.00170179585085302,0.000482193600671845,0.283343974795887,BO_suggestion,7
40.0016000640026,424.716988679547,392.015680627225,1190.7476299052,355.014200568023,1169.24676987079,2,19000,0.864,2.26792833781363,2.66145682734046,Chitosan_PCL,0.00115664345228495,0.00148932555570251,0.000332682103417557,0.22337769075656,BO_suggestion,8
40.0016000640026,424.916996679867,392.215688627545,1191.247649906,355.014200568023,1169.14676587063,2,19000,0.864,2.26727085090558,2.67027729015664,Chitosan_PCL,0.00115630813396185,0.00149009279523143,0.00033378466126958,0.224002600601622,BO_suggestion,9
38.4015360614425,424.016960678427,389.615584623385,1271.55086203448,350.614024560982,1246.84987399496,2,19000,0.864,2.40713352943618,4.14486270331817,Chitosan_PCL,0.00122763810001245,0.00174574593792722,0.000518107837914771,0.296783069436745,BO_suggestion,10
