10% Retina,50% Retina,10% Vitreous,50% Vitreous,10% Aqueous,50% Aqueous,Dose,K_D Value,K_off Value,R_C=5.1 Multiplier,del_R=1.25 Multiplier,DDS_Geometry,Total R1,Total R2,Total delR,Fraction PCL,Dataset
0.900045002250113,16.400820041002,15.700785039252,31.5015750787539,14.9007450372519,31.1015550777539,0.05,19000,0.864,0,0,NaN,NaN,NaN,0,NaN,Without_DDS_dose
0.8000400020001,18.3009150457523,17.5008750437522,33.4016700835042,16.7008350417521,33.0016500825041,0.06,19000,0.864,0,0,NaN,NaN,NaN,0,NaN,Without_DDS_dose
0.8000400020001,20.0010000500025,19.1009550477524,35.0017500875044,18.2009100455023,34.6017300865043,0.07,19000,0.864,0,0,NaN,NaN,NaN,0,NaN,Without_DDS_dose
0.8000400020001,21.4010700535027,20.4010200510026,36.3018150907545,19.5009750487524,35.9017950897545,0.08,19000,0.864,0,0,NaN,NaN,NaN,0,NaN,Without_DDS_dose
0.700035001750087,22.7011350567528,21.6010800540027,37.6018800940047,20.7010350517526,37.1018550927546,0.09,19000,0.864,0,0,NaN,NaN,NaN,0,NaN,Without_DDS_dose
0.700035001750087,23.801190059503,22.7011350567528,38.6019300965048,21.8010900545027,38.2019100955048,0.1,19000,0.864,0,0,NaN,NaN,NaN,0,NaN,Without_DDS_dose
0.700035001750087,24.8012400620031,23.701185059253,39.6019800990049,22.7011350567528,39.2019600980049,0.11,19000,0.864,0,0,NaN,NaN,NaN,0,NaN,Without_DDS_dose
0.700035001750087,25.8012900645032,24.5012250612531,40.5020251012551,23.6011800590029,40.102005100255,0.12,19000,0.864,0,0,NaN,NaN,NaN,0,NaN,Without_DDS_dose
0.700035001750087,26.6013300665033,25.4012700635032,41.4020701035052,24.5012250612531,40.9020451022551,0.13,19000,0.864,0,0,NaN,NaN,NaN,0,NaN,Without_DDS_dose
0.600030001500075,27.4013700685034,26.1013050652533,42.1021051052553,25.2012600630032,41.7020851042552,0.14,19000,0.864,0,0,NaN,NaN,NaN,0,NaN,Without_DDS_dose
0.600030001500075,28.2014100705035,26.9013450672534,42.9021451072554,25.9012950647532,42.4021201060053,0.15,19000,0.864,0,0,NaN,NaN,NaN,0,NaN,Without_DDS_dose
6.80034001700085,28.8014400720036,27.5013750687534,43.5021751087554,26.6013300665033,43.1021551077554,0.16,19000,0.864,0,0,NaN,NaN,NaN,0,NaN,Without_DDS_dose
7.40037001850092,29.5014750737537,28.1014050702535,44.2022101105055,27.2013600680034,43.7021851092555,0.17,19000,0.864,0,0,NaN,NaN,NaN,0,NaN,Without_DDS_dose
8.000400020001,30.1015050752538,28.7014350717536,44.8022401120056,27.8013900695035,44.3022151107555,0.18,19000,0.864,0,0,NaN,NaN,NaN,0,NaN,Without_DDS_dose
8.60043002150108,30.7015350767538,29.3014650732537,45.3022651132557,28.4014200710035,44.9022451122556,0.19,19000,0.864,0,0,NaN,NaN,NaN,0,NaN,Without_DDS_dose
9.20046002300115,31.2015600780039,29.8014900745037,45.9022951147557,28.9014450722536,45.5022751137557,0.2,19000,0.864,0,0,NaN,NaN,NaN,0,NaN,Without_DDS_dose
9.70048502425121,31.801590079504,30.3015150757538,46.4023201160058,29.4014700735037,46.0023001150058,0.21,19000,0.864,0,0,NaN,NaN,NaN,0,NaN,Without_DDS_dose
10.2005100255013,32.301615080754,30.8015400770038,46.9023451172559,29.9014950747537,46.4023201160058,0.22,19000,0.864,0,0,NaN,NaN,NaN,0,NaN,Without_DDS_dose
10.7005350267513,32.8016400820041,31.3015650782539,47.4023701185059,30.3015150757538,46.9023451172559,0.23,19000,0.864,0,0,NaN,NaN,NaN,0,NaN,Without_DDS_dose
11.1005550277514,33.2016600830041,31.701585079254,47.802390119506,30.8015400770038,47.4023701185059,0.24,19000,0.864,0,0,NaN,NaN,NaN,0,NaN,Without_DDS_dose
11.6005800290015,33.6016800840042,32.201610080504,48.202410120506,31.2015600780039,47.802390119506,0.25,19000,0.864,0,0,NaN,NaN,NaN,0,NaN,Without_DDS_dose
12.0006000300015,34.1017050852543,32.6016300815041,48.6024301215061,31.6015800790039,48.202410120506,0.26,19000,0.864,0,0,NaN,NaN,NaN,0,NaN,Without_DDS_dose
12.4006200310015,34.5017250862543,33.0016500825041,49.0024501225061,32.001600080004,48.6024301215061,0.27,19000,0.864,0,0,NaN,NaN,NaN,0,NaN,Without_DDS_dose
12.8006400320016,34.9017450872544,33.4016700835042,49.4024701235062,32.401620081004,49.0024501225061,0.28,19000,0.864,0,0,NaN,NaN,NaN,0,NaN,Without_DDS_dose
13.2006600330017,35.2017600880044,33.7016850842542,49.8024901245062,32.8016400820041,49.4024701235062,0.29,19000,0.864,0,0,NaN,NaN,NaN,0,NaN,Without_DDS_dose
13.6006800340017,35.6017800890044,34.1017050852543,50.2025101255063,33.1016550827541,49.7024851242562,0.3,19000,0.864,0,0,NaN,NaN,NaN,0,NaN,Without_DDS_dose
13.9006950347517,36.0018000900045,34.4017200860043,50.5025251262563,33.5016750837542,50.1025051252563,0.31,19000,0.864,0,0,NaN,NaN,NaN,0,NaN,Without_DDS_dose
14.3007150357518,36.3018150907545,34.8017400870043,50.8025401270064,33.8016900845042,50.4025201260063,0.32,19000,0.864,0,0,NaN,NaN,NaN,0,NaN,Without_DDS_dose
14.6007300365018,36.6018300915046,35.1017550877544,51.2025601280064,34.1017050852543,50.7025351267563,0.33,19000,0.864,0,0,NaN,NaN,NaN,0,NaN,Without_DDS_dose
14.9007450372519,37.0018500925046,35.4017700885044,51.5025751287564,34.4017200860043,51.0025501275064,0.34,19000,0.864,0,0,NaN,NaN,NaN,0,NaN,Without_DDS_dose
15.2007600380019,37.3018650932547,35.7017850892545,51.8025901295065,34.7017350867543,51.4025701285064,0.35,19000,0.864,0,0,NaN,NaN,NaN,0,NaN,Without_DDS_dose
15.5007750387519,37.6018800940047,36.0018000900045,52.1026051302565,35.0017500875044,51.7025851292565,0.36,19000,0.864,0,0,NaN,NaN,NaN,0,NaN,Without_DDS_dose
15.800790039502,37.9018950947547,36.3018150907545,52.4026201310066,35.3017650882544,51.9025951297565,0.37,19000,0.864,0,0,NaN,NaN,NaN,0,NaN,Without_DDS_dose
16.100805040252,38.2019100955048,36.6018300915046,52.7026351317566,35.6017800890044,52.2026101305065,0.38,19000,0.864,0,0,NaN,NaN,NaN,0,NaN,Without_DDS_dose
16.400820041002,38.4019200960048,36.8018400920046,52.9026451322566,35.9017950897545,52.5026251312566,0.39,19000,0.864,0,0,NaN,NaN,NaN,0,NaN,Without_DDS_dose
16.7008350417521,38.7019350967548,37.1018550927546,53.2026601330067,36.1018050902545,52.8026401320066,0.4,19000,0.864,0,0,NaN,NaN,NaN,0,NaN,Without_DDS_dose
16.9008450422521,39.0019500975049,37.4018700935047,53.5026751337567,36.4018200910046,53.0026501325066,0.41,19000,0.864,0,0,NaN,NaN,NaN,0,NaN,Without_DDS_dose
17.2008600430022,39.2019600980049,37.6018800940047,53.7026851342567,36.6018300915046,53.3026651332567,0.42,19000,0.864,0,0,NaN,NaN,NaN,0,NaN,Without_DDS_dose
17.4008700435022,39.5019750987549,37.9018950947547,54.0027001350067,36.9018450922546,53.5026751337567,0.43,19000,0.864,0,0,NaN,NaN,NaN,0,NaN,Without_DDS_dose
17.7008850442522,39.701985099255,38.1019050952548,54.2027101355068,37.1018550927546,53.8026901345067,0.44,19000,0.864,0,0,NaN,NaN,NaN,0,NaN,Without_DDS_dose
17.9008950447522,40.002000100005,38.4019200960048,54.5027251362568,37.4018700935047,54.0027001350067,0.45,19000,0.864,0,0,NaN,NaN,NaN,0,NaN,Without_DDS_dose
18.2009100455023,40.202010100505,38.6019300965048,54.7027351367568,37.6018800940047,54.3027151357568,0.46,19000,0.864,0,0,NaN,NaN,NaN,0,NaN,Without_DDS_dose
18.4009200460023,40.402020101005,38.8019400970049,54.9027451372569,37.8018900945047,54.5027251362568,0.47,19000,0.864,0,0,NaN,NaN,NaN,0,NaN,Without_DDS_dose
18.6009300465023,40.7020351017551,39.0019500975049,55.1027551377569,38.1019050952548,54.7027351367568,0.48,19000,0.864,0,0,NaN,NaN,NaN,0,NaN,Without_DDS_dose
18.8009400470023,40.9020451022551,39.3019650982549,55.4027701385069,38.3019150957548,54.9027451372569,0.49,19000,0.864,0,0,NaN,NaN,NaN,0,NaN,Without_DDS_dose
19.1009550477524,41.1020551027551,39.5019750987549,55.602780139007,38.5019250962548,55.1027551377569,0.5,19000,0.864,0,0,NaN,NaN,NaN,0,NaN,Without_DDS_dose
19.3009650482524,41.3020651032552,39.701985099255,55.802790139507,38.7019350967548,55.3027651382569,0.51,19000,0.864,0,0,NaN,NaN,NaN,0,NaN,Without_DDS_dose
19.5009750487524,41.5020751037552,39.901995099755,56.002800140007,38.9019450972549,55.602780139007,0.52,19000,0.864,0,0,NaN,NaN,NaN,0,NaN,Without_DDS_dose
19.7009850492525,41.7020851042552,40.102005100255,56.202810140507,39.1019550977549,55.802790139507,0.53,19000,0.864,0,0,NaN,NaN,NaN,0,NaN,Without_DDS_dose
19.9009950497525,41.9020951047552,40.302015100755,56.402820141007,39.3019650982549,56.002800140007,0.54,19000,0.864,0,0,NaN,NaN,NaN,0,NaN,Without_DDS_dose
20.1010050502525,42.1021051052553,40.5020251012551,56.6028301415071,39.5019750987549,56.202810140507,0.55,19000,0.864,0,0,NaN,NaN,NaN,0,NaN,Without_DDS_dose
20.3010150507525,42.3021151057553,40.7020351017551,56.8028401420071,39.701985099255,56.302815140757,0.56,19000,0.864,0,0,NaN,NaN,NaN,0,NaN,Without_DDS_dose
20.5010250512526,42.5021251062553,40.9020451022551,57.0028501425071,39.901995099755,56.5028251412571,0.57,19000,0.864,0,0,NaN,NaN,NaN,0,NaN,Without_DDS_dose
20.7010350517526,42.7021351067553,41.1020551027551,57.2028601430072,40.102005100255,56.7028351417571,0.58,19000,0.864,0,0,NaN,NaN,NaN,0,NaN,Without_DDS_dose
20.9010450522526,42.9021451072554,41.2020601030052,57.3028651432572,40.202010100505,56.9028451422571,0.59,19000,0.864,0,0,NaN,NaN,NaN,0,NaN,Without_DDS_dose
21.0010500525026,43.1021551077554,41.4020701035052,57.5028751437572,40.402020101005,57.1028551427571,0.6,19000,0.864,0,0,NaN,NaN,NaN,0,NaN,Without_DDS_dose
21.2010600530026,43.3021651082554,41.6020801040052,57.7028851442572,40.6020301015051,57.3028651432572,0.61,19000,0.864,0,0,NaN,NaN,NaN,0,NaN,Without_DDS_dose
21.4010700535027,43.4021701085054,41.8020901045052,57.9028951447572,40.8020401020051,57.4028701435072,0.62,19000,0.864,0,0,NaN,NaN,NaN,0,NaN,Without_DDS_dose
21.6010800540027,43.6021801090055,41.9020951047552,58.0029001450073,40.9020451022551,57.6028801440072,0.63,19000,0.864,0,0,NaN,NaN,NaN,0,NaN,Without_DDS_dose
21.7010850542527,43.8021901095055,42.1021051052553,58.2029101455073,41.1020551027551,57.8028901445072,0.64,19000,0.864,0,0,NaN,NaN,NaN,0,NaN,Without_DDS_dose
21.9010950547527,43.9021951097555,42.3021151057553,58.4029201460073,41.3020651032552,57.9028951447572,0.65,19000,0.864,0,0,NaN,NaN,NaN,0,NaN,Without_DDS_dose
22.1011050552528,44.1022051102555,42.4021201060053,58.5029251462573,41.4020701035052,58.1029051452573,0.66,19000,0.864,0,0,NaN,NaN,NaN,0,NaN,Without_DDS_dose
22.2011100555028,44.3022151107555,42.6021301065053,58.7029351467573,41.6020801040052,58.3029151457573,0.67,19000,0.864,0,0,NaN,NaN,NaN,0,NaN,Without_DDS_dose
22.4011200560028,44.4022201110055,42.7021351067553,58.9029451472574,41.7020851042552,58.4029201460073,0.68,19000,0.864,0,0,NaN,NaN,NaN,0,NaN,Without_DDS_dose
22.5011250562528,44.6022301115056,42.9021451072554,59.0029501475074,41.9020951047552,58.6029301465073,0.69,19000,0.864,0,0,NaN,NaN,NaN,0,NaN,Without_DDS_dose
22.7011350567528,44.7022351117556,43.0021501075054,59.2029601480074,42.0021001050052,58.7029351467573,0.7,19000,0.864,0,0,NaN,NaN,NaN,0,NaN,Without_DDS_dose
22.9011450572529,44.9022451122556,43.2021601080054,59.3029651482574,42.2021101055053,58.9029451472574,0.71,19000,0.864,0,0,NaN,NaN,NaN,0,NaN,Without_DDS_dose
23.0011500575029,45.0022501125056,43.3021651082554,59.5029751487574,42.3021151057553,59.0029501475074,0.72,19000,0.864,0,0,NaN,NaN,NaN,0,NaN,Without_DDS_dose
23.2011600580029,45.2022601130057,43.5021751087554,59.6029801490075,42.5021251062553,59.2029601480074,0.73,19000,0.864,0,0,NaN,NaN,NaN,0,NaN,Without_DDS_dose
23.3011650582529,45.3022651132557,43.6021801090055,59.8029901495075,42.6021301065053,59.3029651482574,0.74,19000,0.864,0,0,NaN,NaN,NaN,0,NaN,Without_DDS_dose
23.4011700585029,45.5022751137557,43.8021901095055,59.9029951497575,42.8021401070053,59.5029751487574,0.75,19000,0.864,0,0,NaN,NaN,NaN,0,NaN,Without_DDS_dose
23.6011800590029,45.6022801140057,43.9021951097555,60.0030001500075,42.9021451072554,59.6029801490075,0.76,19000,0.864,0,0,NaN,NaN,NaN,0,NaN,Without_DDS_dose
23.701185059253,45.8022901145057,44.1022051102555,60.2030101505075,43.1021551077554,59.7029851492575,0.77,19000,0.864,0,0,NaN,NaN,NaN,0,NaN,Without_DDS_dose
23.901195059753,45.9022951147557,44.2022101105055,60.3030151507575,43.2021601080054,59.9029951497575,0.78,19000,0.864,0,0,NaN,NaN,NaN,0,NaN,Without_DDS_dose
24.001200060003,46.0023001150058,44.3022151107555,60.5030251512576,43.3021651082554,60.0030001500075,0.79,19000,0.864,0,0,NaN,NaN,NaN,0,NaN,Without_DDS_dose
24.101205060253,46.2023101155058,44.5022251112556,60.6030301515076,43.5021751087554,60.1030051502575,0.8,19000,0.864,0,0,NaN,NaN,NaN,0,NaN,Without_DDS_dose
24.301215060753,46.3023151157558,44.6022301115056,60.7030351517576,43.6021801090055,60.3030151507575,0.81,19000,0.864,0,0,NaN,NaN,NaN,0,NaN,Without_DDS_dose
24.4012200610031,46.4023201160058,44.7022351117556,60.9030451522576,43.7021851092555,60.4030201510076,0.82,19000,0.864,0,0,NaN,NaN,NaN,0,NaN,Without_DDS_dose
24.5012250612531,46.6023301165058,44.9022451122556,61.0030501525076,43.9021951097555,60.5030251512576,0.83,19000,0.864,0,0,NaN,NaN,NaN,0,NaN,Without_DDS_dose
24.7012350617531,46.7023351167558,45.0022501125056,61.1030551527576,44.0022001100055,60.7030351517576,0.84,19000,0.864,0,0,NaN,NaN,NaN,0,NaN,Without_DDS_dose
24.8012400620031,46.8023401170058,45.1022551127556,61.2030601530076,44.1022051102555,60.8030401520076,0.85,19000,0.864,0,0,NaN,NaN,NaN,0,NaN,Without_DDS_dose
24.9012450622531,47.0023501175059,45.2022601130057,61.4030701535077,44.2022101105055,60.9030451522576,0.86,19000,0.864,0,0,NaN,NaN,NaN,0,NaN,Without_DDS_dose
25.0012500625031,47.1023551177559,45.4022701135057,61.5030751537577,44.4022201110055,61.0030501525076,0.87,19000,0.864,0,0,NaN,NaN,NaN,0,NaN,Without_DDS_dose
25.2012600630032,47.2023601180059,45.5022751137557,61.6030801540077,44.5022251112556,61.2030601530076,0.88,19000,0.864,0,0,NaN,NaN,NaN,0,NaN,Without_DDS_dose
25.3012650632532,47.3023651182559,45.6022801140057,61.7030851542577,44.6022301115056,61.3030651532577,0.89,19000,0.864,0,0,NaN,NaN,NaN,0,NaN,Without_DDS_dose
25.4012700635032,47.5023751187559,45.7022851142557,61.8030901545077,44.7022351117556,61.4030701535077,0.9,19000,0.864,0,0,NaN,NaN,NaN,0,NaN,Without_DDS_dose
25.5012750637532,47.602380119006,45.8022901145057,62.0031001550078,44.8022401120056,61.5030751537577,0.91,19000,0.864,0,0,NaN,NaN,NaN,0,NaN,Without_DDS_dose
25.7012850642532,47.702385119256,46.0023001150058,62.1031051552578,45.0022501125056,61.6030801540077,0.92,19000,0.864,0,0,NaN,NaN,NaN,0,NaN,Without_DDS_dose
25.8012900645032,47.802390119506,46.1023051152558,62.2031101555078,45.1022551127556,61.8030901545077,0.93,19000,0.864,0,0,NaN,NaN,NaN,0,NaN,Without_DDS_dose
25.9012950647532,47.902395119756,46.2023101155058,62.3031151557578,45.2022601130057,61.9030951547577,0.94,19000,0.864,0,0,NaN,NaN,NaN,0,NaN,Without_DDS_dose
26.0013000650032,48.002400120006,46.3023151157558,62.4031201560078,45.3022651132557,62.0031001550078,0.95,19000,0.864,0,0,NaN,NaN,NaN,0,NaN,Without_DDS_dose
26.1013050652533,48.202410120506,46.4023201160058,62.5031251562578,45.4022701135057,62.1031051552578,0.96,19000,0.864,0,0,NaN,NaN,NaN,0,NaN,Without_DDS_dose
26.2013100655033,48.302415120756,46.5023251162558,62.7031351567578,45.5022751137557,62.2031101555078,0.97,19000,0.864,0,0,NaN,NaN,NaN,0,NaN,Without_DDS_dose
26.3013150657533,48.4024201210061,46.6023301165058,62.8031401570079,45.6022801140057,62.3031151557578,0.98,19000,0.864,0,0,NaN,NaN,NaN,0,NaN,Without_DDS_dose
26.4013200660033,48.5024251212561,46.7023351167558,62.9031451572579,45.7022851142557,62.4031201560078,0.99,19000,0.864,0,0,NaN,NaN,NaN,0,NaN,Without_DDS_dose
26.6013300665033,48.6024301215061,46.8023401170058,63.0031501575079,45.8022901145057,62.5031251562578,1,19000,0.864,0,0,NaN,NaN,NaN,0,NaN,Without_DDS_dose
26.7013350667533,48.7024351217561,47.0023501175059,63.1031551577579,45.9022951147557,62.6031301565078,1.01,19000,0.864,0,0,NaN,NaN,NaN,0,NaN,Without_DDS_dose
26.8013400670034,48.8024401220061,47.1023551177559,63.2031601580079,46.1023051152558,62.7031351567578,1.02,19000,0.864,0,0,NaN,NaN,NaN,0,NaN,Without_DDS_dose
26.9013450672534,48.9024451222561,47.2023601180059,63.3031651582579,46.2023101155058,62.8031401570079,1.03,19000,0.864,0,0,NaN,NaN,NaN,0,NaN,Without_DDS_dose
27.0013500675034,49.0024501225061,47.3023651182559,63.4031701585079,46.3023151157558,62.9031451572579,1.04,19000,0.864,0,0,NaN,NaN,NaN,0,NaN,Without_DDS_dose
27.1013550677534,49.1024551227561,47.4023701185059,63.5031751587579,46.4023201160058,63.1031551577579,1.05,19000,0.864,0,0,NaN,NaN,NaN,0,NaN,Without_DDS_dose
27.2013600680034,49.2024601230061,47.5023751187559,63.6031801590079,46.5023251162558,63.2031601580079,1.06,19000,0.864,0,0,NaN,NaN,NaN,0,NaN,Without_DDS_dose
27.3013650682534,49.3024651232562,47.602380119006,63.703185159258,46.6023301165058,63.3031651582579,1.07,19000,0.864,0,0,NaN,NaN,NaN,0,NaN,Without_DDS_dose
27.4013700685034,49.4024701235062,47.702385119256,63.803190159508,46.7023351167558,63.4031701585079,1.08,19000,0.864,0,0,NaN,NaN,NaN,0,NaN,Without_DDS_dose
27.5013750687534,49.5024751237562,47.802390119506,63.903195159758,46.8023401170058,63.4031701585079,1.09,19000,0.864,0,0,NaN,NaN,NaN,0,NaN,Without_DDS_dose
27.6013800690035,49.6024801240062,47.902395119756,64.003200160008,46.9023451172559,63.5031751587579,1.1,19000,0.864,0,0,NaN,NaN,NaN,0,NaN,Without_DDS_dose
27.7013850692535,49.7024851242562,48.002400120006,64.103205160258,47.0023501175059,63.6031801590079,1.11,19000,0.864,0,0,NaN,NaN,NaN,0,NaN,Without_DDS_dose
27.8013900695035,49.8024901245062,48.102405120256,64.203210160508,47.0023501175059,63.703185159258,1.12,19000,0.864,0,0,NaN,NaN,NaN,0,NaN,Without_DDS_dose
27.9013950697535,49.9024951247562,48.202410120506,64.303215160758,47.1023551177559,63.803190159508,1.13,19000,0.864,0,0,NaN,NaN,NaN,0,NaN,Without_DDS_dose
28.0014000700035,50.0025001250063,48.202410120506,64.4032201610081,47.2023601180059,63.903195159758,1.14,19000,0.864,0,0,NaN,NaN,NaN,0,NaN,Without_DDS_dose
28.1014050702535,50.1025051252563,48.302415120756,64.5032251612581,47.3023651182559,64.003200160008,1.15,19000,0.864,0,0,NaN,NaN,NaN,0,NaN,Without_DDS_dose
28.2014100705035,50.2025101255063,48.4024201210061,64.6032301615081,47.4023701185059,64.103205160258,1.16,19000,0.864,0,0,NaN,NaN,NaN,0,NaN,Without_DDS_dose
28.2014100705035,50.3025151257563,48.5024251212561,64.7032351617581,47.5023751187559,64.203210160508,1.17,19000,0.864,0,0,NaN,NaN,NaN,0,NaN,Without_DDS_dose
28.3014150707535,50.4025201260063,48.6024301215061,64.7032351617581,47.602380119006,64.303215160758,1.18,19000,0.864,0,0,NaN,NaN,NaN,0,NaN,Without_DDS_dose
28.4014200710035,50.5025251262563,48.7024351217561,64.8032401620081,47.702385119256,64.4032201610081,1.19,19000,0.864,0,0,NaN,NaN,NaN,0,NaN,Without_DDS_dose
28.5014250712536,50.6025301265063,48.8024401220061,64.9032451622581,47.802390119506,64.5032251612581,1.2,19000,0.864,0,0,NaN,NaN,NaN,0,NaN,Without_DDS_dose
28.6014300715036,50.6025301265063,48.9024451222561,65.0032501625081,47.902395119756,64.6032301615081,1.21,19000,0.864,0,0,NaN,NaN,NaN,0,NaN,Without_DDS_dose
28.7014350717536,50.7025351267563,49.0024501225061,65.1032551627581,48.002400120006,64.7032351617581,1.22,19000,0.864,0,0,NaN,NaN,NaN,0,NaN,Without_DDS_dose
28.8014400720036,50.8025401270064,49.1024551227561,65.2032601630082,48.002400120006,64.7032351617581,1.23,19000,0.864,0,0,NaN,NaN,NaN,0,NaN,Without_DDS_dose
28.9014450722536,50.9025451272564,49.1024551227561,65.3032651632582,48.102405120256,64.8032401620081,1.24,19000,0.864,0,0,NaN,NaN,NaN,0,NaN,Without_DDS_dose
29.0014500725036,51.0025501275064,49.2024601230061,65.4032701635082,48.202410120506,64.9032451622581,1.25,19000,0.864,0,0,NaN,NaN,NaN,0,NaN,Without_DDS_dose
29.0014500725036,51.1025551277564,49.3024651232562,65.5032751637582,48.302415120756,65.0032501625081,1.26,19000,0.864,0,0,NaN,NaN,NaN,0,NaN,Without_DDS_dose
29.1014550727536,51.2025601280064,49.4024701235062,65.5032751637582,48.4024201210061,65.1032551627581,1.27,19000,0.864,0,0,NaN,NaN,NaN,0,NaN,Without_DDS_dose
29.2014600730036,51.3025651282564,49.5024751237562,65.6032801640082,48.5024251212561,65.2032601630082,1.28,19000,0.864,0,0,NaN,NaN,NaN,0,NaN,Without_DDS_dose
29.3014650732537,51.3025651282564,49.6024801240062,65.7032851642582,48.6024301215061,65.3032651632582,1.29,19000,0.864,0,0,NaN,NaN,NaN,0,NaN,Without_DDS_dose
29.4014700735037,51.4025701285064,49.7024851242562,65.8032901645082,48.6024301215061,65.3032651632582,1.3,19000,0.864,0,0,NaN,NaN,NaN,0,NaN,Without_DDS_dose
29.5014750737537,51.5025751287564,49.7024851242562,65.9032951647582,48.7024351217561,65.4032701635082,1.31,19000,0.864,0,0,NaN,NaN,NaN,0,NaN,Without_DDS_dose
29.6014800740037,51.6025801290064,49.8024901245062,65.9032951647582,48.8024401220061,65.5032751637582,1.32,19000,0.864,0,0,NaN,NaN,NaN,0,NaN,Without_DDS_dose
29.6014800740037,51.7025851292565,49.9024951247562,66.0033001650083,48.9024451222561,65.6032801640082,1.33,19000,0.864,0,0,NaN,NaN,NaN,0,NaN,Without_DDS_dose
29.7014850742537,51.8025901295065,50.0025001250063,66.1033051652583,49.0024501225061,65.7032851642582,1.34,19000,0.864,0,0,NaN,NaN,NaN,0,NaN,Without_DDS_dose
29.8014900745037,51.8025901295065,50.1025051252563,66.2033101655083,49.0024501225061,65.7032851642582,1.35,19000,0.864,0,0,NaN,NaN,NaN,0,NaN,Without_DDS_dose
29.9014950747537,51.9025951297565,50.1025051252563,66.3033151657583,49.1024551227561,65.8032901645082,1.36,19000,0.864,0,0,NaN,NaN,NaN,0,NaN,Without_DDS_dose
30.0015000750038,52.0026001300065,50.2025101255063,66.3033151657583,49.2024601230061,65.9032951647582,1.37,19000,0.864,0,0,NaN,NaN,NaN,0,NaN,Without_DDS_dose
30.0015000750038,52.1026051302565,50.3025151257563,66.4033201660083,49.3024651232562,66.0033001650083,1.38,19000,0.864,0,0,NaN,NaN,NaN,0,NaN,Without_DDS_dose
30.1015050752538,52.1026051302565,50.4025201260063,66.5033251662583,49.4024701235062,66.1033051652583,1.39,19000,0.864,0,0,NaN,NaN,NaN,0,NaN,Without_DDS_dose
30.2015100755038,52.2026101305065,50.4025201260063,66.6033301665083,49.4024701235062,66.1033051652583,1.4,19000,0.864,0,0,NaN,NaN,NaN,0,NaN,Without_DDS_dose
30.3015150757538,52.3026151307565,50.5025251262563,66.7033351667583,49.5024751237562,66.2033101655083,1.41,19000,0.864,0,0,NaN,NaN,NaN,0,NaN,Without_DDS_dose
30.3015150757538,52.4026201310066,50.6025301265063,66.7033351667583,49.6024801240062,66.3033151657583,1.42,19000,0.864,0,0,NaN,NaN,NaN,0,NaN,Without_DDS_dose
30.4015200760038,52.5026251312566,50.7025351267563,66.8033401670083,49.7024851242562,66.4033201660083,1.43,19000,0.864,0,0,NaN,NaN,NaN,0,NaN,Without_DDS_dose
30.5015250762538,52.5026251312566,50.7025351267563,66.9033451672584,49.7024851242562,66.4033201660083,1.44,19000,0.864,0,0,NaN,NaN,NaN,0,NaN,Without_DDS_dose
30.6015300765038,52.6026301315066,50.8025401270064,67.0033501675084,49.8024901245062,66.5033251662583,1.45,19000,0.864,0,0,NaN,NaN,NaN,0,NaN,Without_DDS_dose
30.6015300765038,52.7026351317566,50.9025451272564,67.0033501675084,49.9024951247562,66.6033301665083,1.46,19000,0.864,0,0,NaN,NaN,NaN,0,NaN,Without_DDS_dose
30.7015350767538,52.8026401320066,51.0025501275064,67.1033551677584,49.9024951247562,66.7033351667583,1.47,19000,0.864,0,0,NaN,NaN,NaN,0,NaN,Without_DDS_dose
30.8015400770038,52.8026401320066,51.0025501275064,67.2033601680084,50.0025001250063,66.7033351667583,1.48,19000,0.864,0,0,NaN,NaN,NaN,0,NaN,Without_DDS_dose
30.9015450772539,52.9026451322566,51.1025551277564,67.2033601680084,50.1025051252563,66.8033401670083,1.49,19000,0.864,0,0,NaN,NaN,NaN,0,NaN,Without_DDS_dose
30.9015450772539,53.0026501325066,51.2025601280064,67.3033651682584,50.2025101255063,66.9033451672584,1.5,19000,0.864,0,0,NaN,NaN,NaN,0,NaN,Without_DDS_dose
31.0015500775039,53.0026501325066,51.3025651282564,67.4033701685084,50.2025101255063,66.9033451672584,1.51,19000,0.864,0,0,NaN,NaN,NaN,0,NaN,Without_DDS_dose
31.1015550777539,53.1026551327566,51.3025651282564,67.5033751687584,50.3025151257563,67.0033501675084,1.52,19000,0.864,0,0,NaN,NaN,NaN,0,NaN,Without_DDS_dose
31.1015550777539,53.2026601330067,51.4025701285064,67.5033751687584,50.4025201260063,67.1033551677584,1.53,19000,0.864,0,0,NaN,NaN,NaN,0,NaN,Without_DDS_dose
31.2015600780039,53.3026651332567,51.5025751287564,67.6033801690084,50.4025201260063,67.2033601680084,1.54,19000,0.864,0,0,NaN,NaN,NaN,0,NaN,Without_DDS_dose
31.3015650782539,53.3026651332567,51.5025751287564,67.7033851692585,50.5025251262563,67.2033601680084,1.55,19000,0.864,0,0,NaN,NaN,NaN,0,NaN,Without_DDS_dose
31.4015700785039,53.4026701335067,51.6025801290064,67.7033851692585,50.6025301265063,67.3033651682584,1.56,19000,0.864,0,0,NaN,NaN,NaN,0,NaN,Without_DDS_dose
31.4015700785039,53.5026751337567,51.7025851292565,67.8033901695085,50.7025351267563,67.4033701685084,1.57,19000,0.864,0,0,NaN,NaN,NaN,0,NaN,Without_DDS_dose
31.5015750787539,53.5026751337567,51.7025851292565,67.9033951697585,50.7025351267563,67.4033701685084,1.58,19000,0.864,0,0,NaN,NaN,NaN,0,NaN,Without_DDS_dose
31.6015800790039,53.6026801340067,51.8025901295065,67.9033951697585,50.8025401270064,67.5033751687584,1.59,19000,0.864,0,0,NaN,NaN,NaN,0,NaN,Without_DDS_dose
31.6015800790039,53.7026851342567,51.9025951297565,68.0034001700085,50.9025451272564,67.6033801690084,1.6,19000,0.864,0,0,NaN,NaN,NaN,0,NaN,Without_DDS_dose
31.701585079254,53.7026851342567,51.9025951297565,68.1034051702585,50.9025451272564,67.6033801690084,1.61,19000,0.864,0,0,NaN,NaN,NaN,0,NaN,Without_DDS_dose
31.801590079504,53.8026901345067,52.0026001300065,68.1034051702585,51.0025501275064,67.7033851692585,1.62,19000,0.864,0,0,NaN,NaN,NaN,0,NaN,Without_DDS_dose
31.801590079504,53.9026951347567,52.1026051302565,68.2034101705085,51.1025551277564,67.8033901695085,1.63,19000,0.864,0,0,NaN,NaN,NaN,0,NaN,Without_DDS_dose
31.901595079754,53.9026951347567,52.1026051302565,68.3034151707585,51.1025551277564,67.8033901695085,1.64,19000,0.864,0,0,NaN,NaN,NaN,0,NaN,Without_DDS_dose
32.001600080004,54.0027001350067,52.2026101305065,68.3034151707585,51.2025601280064,67.9033951697585,1.65,19000,0.864,0,0,NaN,NaN,NaN,0,NaN,Without_DDS_dose
32.001600080004,54.1027051352568,52.3026151307565,68.4034201710085,51.3025651282564,68.0034001700085,1.66,19000,0.864,0,0,NaN,NaN,NaN,0,NaN,Without_DDS_dose
32.101605080254,54.1027051352568,52.3026151307565,68.5034251712586,51.3025651282564,68.0034001700085,1.67,19000,0.864,0,0,NaN,NaN,NaN,0,NaN,Without_DDS_dose
32.201610080504,54.2027101355068,52.4026201310066,68.5034251712586,51.4025701285064,68.1034051702585,1.68,19000,0.864,0,0,NaN,NaN,NaN,0,NaN,Without_DDS_dose
32.201610080504,54.3027151357568,52.5026251312566,68.6034301715086,51.4025701285064,68.2034101705085,1.69,19000,0.864,0,0,NaN,NaN,NaN,0,NaN,Without_DDS_dose
32.301615080754,54.3027151357568,52.5026251312566,68.7034351717586,51.5025751287564,68.2034101705085,1.7,19000,0.864,0,0,NaN,NaN,NaN,0,NaN,Without_DDS_dose
32.301615080754,54.4027201360068,52.6026301315066,68.7034351717586,51.6025801290064,68.3034151707585,1.71,19000,0.864,0,0,NaN,NaN,NaN,0,NaN,Without_DDS_dose
32.401620081004,54.4027201360068,52.6026301315066,68.8034401720086,51.6025801290064,68.3034151707585,1.72,19000,0.864,0,0,NaN,NaN,NaN,0,NaN,Without_DDS_dose
32.5016250812541,54.5027251362568,52.7026351317566,68.9034451722586,51.7025851292565,68.4034201710085,1.73,19000,0.864,0,0,NaN,NaN,NaN,0,NaN,Without_DDS_dose
32.5016250812541,54.6027301365068,52.8026401320066,68.9034451722586,51.8025901295065,68.5034251712586,1.74,19000,0.864,0,0,NaN,NaN,NaN,0,NaN,Without_DDS_dose
32.6016300815041,54.6027301365068,52.8026401320066,69.0034501725086,51.8025901295065,68.5034251712586,1.75,19000,0.864,0,0,NaN,NaN,NaN,0,NaN,Without_DDS_dose
32.7016350817541,54.7027351367568,52.9026451322566,69.0034501725086,51.9025951297565,68.6034301715086,1.76,19000,0.864,0,0,NaN,NaN,NaN,0,NaN,Without_DDS_dose
32.7016350817541,54.8027401370069,53.0026501325066,69.1034551727586,51.9025951297565,68.6034301715086,1.77,19000,0.864,0,0,NaN,NaN,NaN,0,NaN,Without_DDS_dose
32.8016400820041,54.8027401370069,53.0026501325066,69.2034601730087,52.0026001300065,68.7034351717586,1.78,19000,0.864,0,0,NaN,NaN,NaN,0,NaN,Without_DDS_dose
32.8016400820041,54.9027451372569,53.1026551327566,69.2034601730087,52.1026051302565,68.8034401720086,1.79,19000,0.864,0,0,NaN,NaN,NaN,0,NaN,Without_DDS_dose
32.9016450822541,54.9027451372569,53.1026551327566,69.3034651732587,52.1026051302565,68.8034401720086,1.8,19000,0.864,0,0,NaN,NaN,NaN,0,NaN,Without_DDS_dose
33.0016500825041,55.0027501375069,53.2026601330067,69.3034651732587,52.2026101305065,68.9034451722586,1.81,19000,0.864,0,0,NaN,NaN,NaN,0,NaN,Without_DDS_dose
33.0016500825041,55.1027551377569,53.3026651332567,69.4034701735087,52.2026101305065,68.9034451722586,1.82,19000,0.864,0,0,NaN,NaN,NaN,0,NaN,Without_DDS_dose
33.1016550827541,55.1027551377569,53.3026651332567,69.5034751737587,52.3026151307565,69.0034501725086,1.83,19000,0.864,0,0,NaN,NaN,NaN,0,NaN,Without_DDS_dose
33.1016550827541,55.2027601380069,53.4026701335067,69.5034751737587,52.3026151307565,69.1034551727586,1.84,19000,0.864,0,0,NaN,NaN,NaN,0,NaN,Without_DDS_dose
33.2016600830041,55.2027601380069,53.4026701335067,69.6034801740087,52.4026201310066,69.1034551727586,1.85,19000,0.864,0,0,NaN,NaN,NaN,0,NaN,Without_DDS_dose
33.3016650832542,55.3027651382569,53.5026751337567,69.6034801740087,52.5026251312566,69.2034601730087,1.86,19000,0.864,0,0,NaN,NaN,NaN,0,NaN,Without_DDS_dose
33.3016650832542,55.3027651382569,53.5026751337567,69.7034851742587,52.5026251312566,69.2034601730087,1.87,19000,0.864,0,0,NaN,NaN,NaN,0,NaN,Without_DDS_dose
33.4016700835042,55.4027701385069,53.6026801340067,69.7034851742587,52.6026301315066,69.3034651732587,1.88,19000,0.864,0,0,NaN,NaN,NaN,0,NaN,Without_DDS_dose
33.4016700835042,55.5027751387569,53.7026851342567,69.8034901745087,52.6026301315066,69.4034701735087,1.89,19000,0.864,0,0,NaN,NaN,NaN,0,NaN,Without_DDS_dose
33.5016750837542,55.5027751387569,53.7026851342567,69.9034951747587,52.7026351317566,69.4034701735087,1.9,19000,0.864,0,0,NaN,NaN,NaN,0,NaN,Without_DDS_dose
33.5016750837542,55.602780139007,53.8026901345067,69.9034951747587,52.8026401320066,69.5034751737587,1.91,19000,0.864,0,0,NaN,NaN,NaN,0,NaN,Without_DDS_dose
33.6016800840042,55.602780139007,53.8026901345067,70.0035001750088,52.8026401320066,69.5034751737587,1.92,19000,0.864,0,0,NaN,NaN,NaN,0,NaN,Without_DDS_dose
33.7016850842542,55.702785139257,53.9026951347567,70.0035001750088,52.9026451322566,69.6034801740087,1.93,19000,0.864,0,0,NaN,NaN,NaN,0,NaN,Without_DDS_dose
33.7016850842542,55.702785139257,53.9026951347567,70.1035051752588,52.9026451322566,69.6034801740087,1.94,19000,0.864,0,0,NaN,NaN,NaN,0,NaN,Without_DDS_dose
33.8016900845042,55.802790139507,54.0027001350067,70.1035051752588,53.0026501325066,69.7034851742587,1.95,19000,0.864,0,0,NaN,NaN,NaN,0,NaN,Without_DDS_dose
33.8016900845042,55.902795139757,54.0027001350067,70.2035101755088,53.0026501325066,69.7034851742587,1.96,19000,0.864,0,0,NaN,NaN,NaN,0,NaN,Without_DDS_dose
33.9016950847542,55.902795139757,54.1027051352568,70.2035101755088,53.1026551327566,69.8034901745087,1.97,19000,0.864,0,0,NaN,NaN,NaN,0,NaN,Without_DDS_dose
33.9016950847542,56.002800140007,54.2027101355068,70.3035151757588,53.1026551327566,69.8034901745087,1.98,19000,0.864,0,0,NaN,NaN,NaN,0,NaN,Without_DDS_dose
34.0017000850043,56.002800140007,54.2027101355068,70.4035201760088,53.2026601330067,69.9034951747587,1.99,19000,0.864,0,0,NaN,NaN,NaN,0,NaN,Without_DDS_dose
34.0017000850043,56.102805140257,54.3027151357568,70.4035201760088,53.2026601330067,70.0035001750088,2,19000,0.864,0,0,NaN,NaN,NaN,0,NaN,Without_DDS_dose
10.3005150257513,36.2018100905045,34.4017200860043,65.2032601630082,33.1016550827541,63.703185159258,0.05,19000,0.864,1,1,Chitosan_PCL,0.00051,0.000635,0.000125,0.196850393700787,With_DDS_dose
10.6005300265013,37.3018650932547,35.4017700885044,71.903595179759,34.0017000850043,69.9034951747587,0.06,19000,0.864,1,1,Chitosan_PCL,0.00051,0.000635,0.000125,0.196850393700787,With_DDS_dose
10.8005400270014,38.4019200960048,36.4018200910046,79.80399019951,35.0017500875044,77.3038651932597,0.07,19000,0.864,1,1,Chitosan_PCL,0.00051,0.000635,0.000125,0.196850393700787,With_DDS_dose
11.0005500275014,39.6019800990049,37.4018700935047,88.6044302215111,35.9017950897545,85.6042802140107,0.08,19000,0.864,1,1,Chitosan_PCL,0.00051,0.000635,0.000125,0.196850393700787,With_DDS_dose
11.3005650282514,40.7020351017551,38.5019250962548,97.8048902445122,36.9018450922546,94.3047152357618,0.09,19000,0.864,1,1,Chitosan_PCL,0.00051,0.000635,0.000125,0.196850393700787,With_DDS_dose
11.5005750287514,42.0021001050052,39.6019800990049,106.605330266513,37.9018950947547,102.905145257263,0.1,19000,0.864,1,1,Chitosan_PCL,0.00051,0.000635,0.000125,0.196850393700787,With_DDS_dose
11.8005900295015,43.3021651082554,40.8020401020051,114.905745287264,39.0019500975049,111.105555277764,0.11,19000,0.864,1,1,Chitosan_PCL,0.00051,0.000635,0.000125,0.196850393700787,With_DDS_dose
12.0006000300015,44.6022301115056,42.0021001050052,122.906145307265,40.102005100255,119.105955297765,0.12,19000,0.864,1,1,Chitosan_PCL,0.00051,0.000635,0.000125,0.196850393700787,With_DDS_dose
12.3006150307515,46.0023001150058,43.2021601080054,130.406520326016,41.1020551027551,126.406320316016,0.13,19000,0.864,1,1,Chitosan_PCL,0.00051,0.000635,0.000125,0.196850393700787,With_DDS_dose
12.5006250312516,47.4023701185059,44.5022251112556,137.406870343517,42.3021151057553,133.406670333517,0.14,19000,0.864,1,1,Chitosan_PCL,0.00051,0.000635,0.000125,0.196850393700787,With_DDS_dose
12.8006400320016,48.8024401220061,45.8022901145057,144.107205360268,43.4021701085054,140.007000350018,0.15,19000,0.864,1,1,Chitosan_PCL,0.00051,0.000635,0.000125,0.196850393700787,With_DDS_dose
13.0006500325016,50.4025201260063,47.1023551177559,150.307515375769,44.6022301115056,146.107305365268,0.16,19000,0.864,1,1,Chitosan_PCL,0.00051,0.000635,0.000125,0.196850393700787,With_DDS_dose
13.3006650332517,51.9025951297565,48.5024251212561,156.20781039052,45.9022951147557,152.007600380019,0.17,19000,0.864,1,1,Chitosan_PCL,0.00051,0.000635,0.000125,0.196850393700787,With_DDS_dose
13.6006800340017,53.5026751337567,49.9024951247562,161.90809540477,47.1023551177559,157.70788539427,0.18,19000,0.864,1,1,Chitosan_PCL,0.00051,0.000635,0.000125,0.196850393700787,With_DDS_dose
13.8006900345017,55.2027601380069,51.4025701285064,167.208360418021,48.4024201210061,163.00815040752,0.19,19000,0.864,1,1,Chitosan_PCL,0.00051,0.000635,0.000125,0.196850393700787,With_DDS_dose
14.1007050352518,56.9028451422571,52.8026401320066,172.208610430522,49.7024851242562,168.008400420021,0.2,19000,0.864,1,1,Chitosan_PCL,0.00051,0.000635,0.000125,0.196850393700787,With_DDS_dose
14.4007200360018,58.6029301465073,54.4027201360068,177.008850442522,51.1025551277564,172.808640432022,0.21,19000,0.864,1,1,Chitosan_PCL,0.00051,0.000635,0.000125,0.196850393700787,With_DDS_dose
14.6007300365018,60.4030201510076,56.002800140007,181.709085454273,52.5026251312566,177.408870443522,0.22,19000,0.864,1,1,Chitosan_PCL,0.00051,0.000635,0.000125,0.196850393700787,With_DDS_dose
14.9007450372519,62.2031101555078,57.6028801440072,186.109305465273,53.9026951347567,181.909095454773,0.23,19000,0.864,1,1,Chitosan_PCL,0.00051,0.000635,0.000125,0.196850393700787,With_DDS_dose
15.2007600380019,64.103205160258,59.2029601480074,190.409520476024,55.3027651382569,186.209310465523,0.24,19000,0.864,1,1,Chitosan_PCL,0.00051,0.000635,0.000125,0.196850393700787,With_DDS_dose
15.4007700385019,66.0033001650083,60.9030451522576,194.509725486274,56.8028401420071,190.109505475274,0.25,19000,0.864,1,1,Chitosan_PCL,0.00051,0.000635,0.000125,0.196850393700787,With_DDS_dose
15.700785039252,67.9033951697585,62.6031301565078,198.409920496025,58.4029201460073,194.209710485524,0.26,19000,0.864,1,1,Chitosan_PCL,0.00051,0.000635,0.000125,0.196850393700787,With_DDS_dose
16.000800040002,69.9034951747587,64.4032201610081,202.210110505525,59.9029951497575,198.009900495025,0.27,19000,0.864,1,1,Chitosan_PCL,0.00051,0.000635,0.000125,0.196850393700787,With_DDS_dose
16.300815040752,71.903595179759,66.2033101655083,206.010300515026,61.4030701535077,201.710085504275,0.28,19000,0.864,1,1,Chitosan_PCL,0.00051,0.000635,0.000125,0.196850393700787,With_DDS_dose
16.6008300415021,73.8036901845092,68.0034001700085,209.410470523526,63.0031501575079,205.310265513276,0.29,19000,0.864,1,1,Chitosan_PCL,0.00051,0.000635,0.000125,0.196850393700787,With_DDS_dose
16.8008400420021,75.8037901895095,69.8034901745087,212.910645532277,64.7032351617581,208.610430521526,0.3,19000,0.864,1,1,Chitosan_PCL,0.00051,0.000635,0.000125,0.196850393700787,With_DDS_dose
17.1008550427521,77.8038901945097,71.6035801790089,216.210810540527,66.3033151657583,211.910595529776,0.31,19000,0.864,1,1,Chitosan_PCL,0.00051,0.000635,0.000125,0.196850393700787,With_DDS_dose
17.4008700435022,79.90399519976,73.4036701835092,219.310965548277,67.9033951697585,215.010750537527,0.32,19000,0.864,1,1,Chitosan_PCL,0.00051,0.000635,0.000125,0.196850393700787,With_DDS_dose
17.7008850442522,81.9040952047602,75.3037651882594,222.511125556278,69.6034801740087,218.210910545527,0.33,19000,0.864,1,1,Chitosan_PCL,0.00051,0.000635,0.000125,0.196850393700787,With_DDS_dose
18.0009000450023,83.9041952097605,77.1038551927596,225.511275563778,71.3035651782589,221.211060553028,0.34,19000,0.864,1,1,Chitosan_PCL,0.00051,0.000635,0.000125,0.196850393700787,With_DDS_dose
18.3009150457523,85.9042952147607,79.0039501975099,228.411420571029,72.9036451822591,224.111205560278,0.35,19000,0.864,1,1,Chitosan_PCL,0.00051,0.000635,0.000125,0.196850393700787,With_DDS_dose
18.5009250462523,87.904395219761,80.9040452022601,231.311565578279,74.6037301865093,227.011350567528,0.36,19000,0.864,1,1,Chitosan_PCL,0.00051,0.000635,0.000125,0.196850393700787,With_DDS_dose
18.8009400470023,89.9044952247612,82.8041402070103,234.111705585279,76.3038151907595,229.811490574529,0.37,19000,0.864,1,1,Chitosan_PCL,0.00051,0.000635,0.000125,0.196850393700787,With_DDS_dose
19.1009550477524,91.9045952297615,84.6042302115106,236.81184059203,78.0039001950097,232.411620581029,0.38,19000,0.864,1,1,Chitosan_PCL,0.00051,0.000635,0.000125,0.196850393700787,With_DDS_dose
19.4009700485024,93.9046952347617,86.5043252162608,239.41197059853,79.80399019951,235.111755587779,0.39,19000,0.864,1,1,Chitosan_PCL,0.00051,0.000635,0.000125,0.196850393700787,With_DDS_dose
19.7009850492525,95.804790239512,88.304415220761,241.91209560478,81.4040702035102,237.61188059403,0.4,19000,0.864,1,1,Chitosan_PCL,0.00051,0.000635,0.000125,0.196850393700787,With_DDS_dose
20.0010000500025,97.7048852442622,90.2045102255113,244.412220611031,83.1041552077604,240.21201060053,0.41,19000,0.864,1,1,Chitosan_PCL,0.00051,0.000635,0.000125,0.196850393700787,With_DDS_dose
20.3010150507525,99.7049852492625,91.9045952297615,247.012350617531,84.8042402120106,242.61213060653,0.42,19000,0.864,1,1,Chitosan_PCL,0.00051,0.000635,0.000125,0.196850393700787,With_DDS_dose
20.6010300515026,101.505075253763,93.8046902345117,249.312465623281,86.5043252162608,245.012250612531,0.43,19000,0.864,1,1,Chitosan_PCL,0.00051,0.000635,0.000125,0.196850393700787,With_DDS_dose
20.9010450522526,103.405170258513,95.6047802390119,251.712585629281,88.204410220511,247.312365618281,0.44,19000,0.864,1,1,Chitosan_PCL,0.00051,0.000635,0.000125,0.196850393700787,With_DDS_dose
21.2010600530026,105.305265263263,97.4048702435122,253.912695634782,89.8044902245112,249.612480624031,0.45,19000,0.864,1,1,Chitosan_PCL,0.00051,0.000635,0.000125,0.196850393700787,With_DDS_dose
21.4010700535027,107.105355267763,99.2049602480124,256.212810640532,91.5045752287614,251.912595629781,0.46,19000,0.864,1,1,Chitosan_PCL,0.00051,0.000635,0.000125,0.196850393700787,With_DDS_dose
21.7010850542527,108.905445272264,100.905045252263,258.412920646032,93.1046552327616,254.012700635032,0.47,19000,0.864,1,1,Chitosan_PCL,0.00051,0.000635,0.000125,0.196850393700787,With_DDS_dose
22.0011000550028,110.705535276764,102.605130256513,260.513025651283,94.8047402370119,256.112805640282,0.48,19000,0.864,1,1,Chitosan_PCL,0.00051,0.000635,0.000125,0.196850393700787,With_DDS_dose
22.3011150557528,112.505625281264,104.405220261013,262.513125656283,96.5048252412621,258.212910645532,0.49,19000,0.864,1,1,Chitosan_PCL,0.00051,0.000635,0.000125,0.196850393700787,With_DDS_dose
22.6011300565028,114.305715285764,106.005300265013,264.613230661533,98.1049052452623,260.313015650783,0.5,19000,0.864,1,1,Chitosan_PCL,0.00051,0.000635,0.000125,0.196850393700787,With_DDS_dose
22.9011450572529,116.005800290015,107.705385269263,266.513325666283,99.7049852492625,262.513125656283,0.51,19000,0.864,1,1,Chitosan_PCL,0.00051,0.000635,0.000125,0.196850393700787,With_DDS_dose
23.2011600580029,117.705885294265,109.405470273514,268.513425671284,101.205060253013,264.313215660783,0.52,19000,0.864,1,1,Chitosan_PCL,0.00051,0.000635,0.000125,0.196850393700787,With_DDS_dose
23.5011750587529,119.405970298515,111.005550277514,270.513525676284,102.805140257013,266.213310665533,0.53,19000,0.864,1,1,Chitosan_PCL,0.00051,0.000635,0.000125,0.196850393700787,With_DDS_dose
23.801190059503,121.106055302765,112.705635281764,272.413620681034,104.405220261013,268.113405670283,0.54,19000,0.864,1,1,Chitosan_PCL,0.00051,0.000635,0.000125,0.196850393700787,With_DDS_dose
24.101205060253,122.706135306765,114.305715285764,274.313715685784,105.805290264513,270.013500675034,0.55,19000,0.864,1,1,Chitosan_PCL,0.00051,0.000635,0.000125,0.196850393700787,With_DDS_dose
24.4012200610031,124.406220311016,115.805790289514,276.113805690284,107.405370268513,271.813590679534,0.56,19000,0.864,1,1,Chitosan_PCL,0.00051,0.000635,0.000125,0.196850393700787,With_DDS_dose
24.7012350617531,126.006300315016,117.405870293515,277.913895694785,108.905445272264,273.613680684034,0.57,19000,0.864,1,1,Chitosan_PCL,0.00051,0.000635,0.000125,0.196850393700787,With_DDS_dose
25.0012500625031,127.506375318766,119.005950297515,279.713985699285,110.405520276014,275.313765688284,0.58,19000,0.864,1,1,Chitosan_PCL,0.00051,0.000635,0.000125,0.196850393700787,With_DDS_dose
25.3012650632532,129.106455322766,120.506025301265,281.414070703535,111.805590279514,277.013850692535,0.59,19000,0.864,1,1,Chitosan_PCL,0.00051,0.000635,0.000125,0.196850393700787,With_DDS_dose
25.6012800640032,130.706535326766,122.006100305015,283.114155707785,113.405670283514,278.813940697035,0.6,19000,0.864,1,1,Chitosan_PCL,0.00051,0.000635,0.000125,0.196850393700787,With_DDS_dose
25.9012950647532,132.206610330517,123.506175308765,284.814240712036,114.905745287264,280.514025701285,0.61,19000,0.864,1,1,Chitosan_PCL,0.00051,0.000635,0.000125,0.196850393700787,With_DDS_dose
26.2013100655033,133.706685334267,125.006250312516,286.414320716036,116.305815290765,282.214110705535,0.62,19000,0.864,1,1,Chitosan_PCL,0.00051,0.000635,0.000125,0.196850393700787,With_DDS_dose
26.5013250662533,135.206760338017,126.406320316016,288.014400720036,117.805890294515,283.714185709285,0.63,19000,0.864,1,1,Chitosan_PCL,0.00051,0.000635,0.000125,0.196850393700787,With_DDS_dose
26.8013400670034,136.706835341767,127.906395319766,289.614480724036,119.105955297765,285.314265713286,0.64,19000,0.864,1,1,Chitosan_PCL,0.00051,0.000635,0.000125,0.196850393700787,With_DDS_dose
27.1013550677534,138.106905345267,129.406470323516,291.414570728536,120.506025301265,287.114355717786,0.65,19000,0.864,1,1,Chitosan_PCL,0.00051,0.000635,0.000125,0.196850393700787,With_DDS_dose
27.4013700685034,139.606980349017,130.806540327016,292.814640732037,121.906095304765,288.414420721036,0.66,19000,0.864,1,1,Chitosan_PCL,0.00051,0.000635,0.000125,0.196850393700787,With_DDS_dose
27.7013850692535,141.007050352518,132.206610330517,294.314715735787,123.306165308265,290.014500725036,0.67,19000,0.864,1,1,Chitosan_PCL,0.00051,0.000635,0.000125,0.196850393700787,With_DDS_dose
27.9013950697535,142.407120356018,133.606680334017,295.914795739787,124.606230311516,291.614580729036,0.68,19000,0.864,1,1,Chitosan_PCL,0.00051,0.000635,0.000125,0.196850393700787,With_DDS_dose
28.2014100705035,143.807190359518,134.906745337267,297.414870743537,125.906295314766,293.014650732537,0.69,19000,0.864,1,1,Chitosan_PCL,0.00051,0.000635,0.000125,0.196850393700787,With_DDS_dose
28.5014250712536,145.207260363018,136.306815340767,298.814940747037,127.206360318016,294.614730736537,0.7,19000,0.864,1,1,Chitosan_PCL,0.00051,0.000635,0.000125,0.196850393700787,With_DDS_dose
28.8014400720036,146.507325366268,137.606880344017,300.115005750288,128.506425321266,295.914795739787,0.71,19000,0.864,1,1,Chitosan_PCL,0.00051,0.000635,0.000125,0.196850393700787,With_DDS_dose
29.1014550727536,147.807390369518,138.906945347267,301.715085754288,129.806490324516,297.414870743537,0.72,19000,0.864,1,1,Chitosan_PCL,0.00051,0.000635,0.000125,0.196850393700787,With_DDS_dose
29.4014700735037,149.207460373019,140.207010350518,303.115155757788,131.106555327766,298.614930746537,0.73,19000,0.864,1,1,Chitosan_PCL,0.00051,0.000635,0.000125,0.196850393700787,With_DDS_dose
29.7014850742537,150.507525376269,141.507075353768,304.515225761288,132.406620331017,300.015000750038,0.74,19000,0.864,1,1,Chitosan_PCL,0.00051,0.000635,0.000125,0.196850393700787,With_DDS_dose
30.0015000750038,151.707585379269,142.807140357018,305.715285764288,133.606680334017,301.515075753788,0.75,19000,0.864,1,1,Chitosan_PCL,0.00051,0.000635,0.000125,0.196850393700787,With_DDS_dose
30.3015150757538,153.007650382519,144.107205360268,307.215360768038,135.006750337517,302.915145757288,0.76,19000,0.864,1,1,Chitosan_PCL,0.00051,0.000635,0.000125,0.196850393700787,With_DDS_dose
30.6015300765038,154.307715385769,145.307265363268,308.515425771289,136.106805340267,304.215210760538,0.77,19000,0.864,1,1,Chitosan_PCL,0.00051,0.000635,0.000125,0.196850393700787,With_DDS_dose
30.9015450772539,155.607780389019,146.607330366518,309.815490774539,137.406870343517,305.515275763788,0.78,19000,0.864,1,1,Chitosan_PCL,0.00051,0.000635,0.000125,0.196850393700787,With_DDS_dose
31.2015600780039,156.80784039202,147.807390369518,311.015550777539,138.606930346517,306.615330766538,0.79,19000,0.864,1,1,Chitosan_PCL,0.00051,0.000635,0.000125,0.196850393700787,With_DDS_dose
31.5015750787539,158.10790539527,149.007450372519,312.415620781039,139.706985349267,308.015400770039,0.8,19000,0.864,1,1,Chitosan_PCL,0.00051,0.000635,0.000125,0.196850393700787,With_DDS_dose
31.801590079504,159.30796539827,150.207510375519,313.715685784289,141.007050352518,309.315465773289,0.81,19000,0.864,1,1,Chitosan_PCL,0.00051,0.000635,0.000125,0.196850393700787,With_DDS_dose
32.101605080254,160.40802040102,151.407570378519,314.815740787039,142.107105355268,310.515525776289,0.82,19000,0.864,1,1,Chitosan_PCL,0.00051,0.000635,0.000125,0.196850393700787,With_DDS_dose
32.401620081004,161.60808040402,152.607630381519,316.21581079054,143.207160358018,311.815590779539,0.83,19000,0.864,1,1,Chitosan_PCL,0.00051,0.000635,0.000125,0.196850393700787,With_DDS_dose
32.7016350817541,162.80814040702,153.807690384519,317.41587079354,144.407220361018,313.115655782789,0.84,19000,0.864,1,1,Chitosan_PCL,0.00051,0.000635,0.000125,0.196850393700787,With_DDS_dose
33.0016500825041,163.90819540977,154.907745387269,318.51592579629,145.507275363768,314.315715785789,0.85,19000,0.864,1,1,Chitosan_PCL,0.00051,0.000635,0.000125,0.196850393700787,With_DDS_dose
33.3016650832542,165.108255412771,156.007800390019,319.71598579929,146.607330366518,315.415770788539,0.86,19000,0.864,1,1,Chitosan_PCL,0.00051,0.000635,0.000125,0.196850393700787,With_DDS_dose
33.6016800840042,166.208310415521,157.20786039302,320.81604080204,147.707385369268,316.51582579129,0.87,19000,0.864,1,1,Chitosan_PCL,0.00051,0.000635,0.000125,0.196850393700787,With_DDS_dose
33.9016950847542,167.408370418521,158.30791539577,322.11610580529,148.807440372019,317.71588579429,0.88,19000,0.864,1,1,Chitosan_PCL,0.00051,0.000635,0.000125,0.196850393700787,With_DDS_dose
34.2017100855043,168.508425421271,159.40797039852,323.21616080804,149.907495374769,318.91594579729,0.89,19000,0.864,1,1,Chitosan_PCL,0.00051,0.000635,0.000125,0.196850393700787,With_DDS_dose
34.5017250862543,169.608480424021,160.50802540127,324.416220811041,151.107555377769,320.01600080004,0.9,19000,0.864,1,1,Chitosan_PCL,0.00051,0.000635,0.000125,0.196850393700787,With_DDS_dose
34.8017400870043,170.708535426771,161.60808040402,325.416270813541,152.107605380269,321.11605580279,0.91,19000,0.864,1,1,Chitosan_PCL,0.00051,0.000635,0.000125,0.196850393700787,With_DDS_dose
35.1017550877544,171.808590429521,162.70813540677,326.616330816541,153.207660383019,322.21611080554,0.92,19000,0.864,1,1,Chitosan_PCL,0.00051,0.000635,0.000125,0.196850393700787,With_DDS_dose
35.4017700885044,172.808640432022,163.70818540927,327.716385819291,154.207710385519,323.41617080854,0.93,19000,0.864,1,1,Chitosan_PCL,0.00051,0.000635,0.000125,0.196850393700787,With_DDS_dose
35.7017850892545,173.908695434772,164.808240412021,328.816440822041,155.307765388269,324.416220811041,0.94,19000,0.864,1,1,Chitosan_PCL,0.00051,0.000635,0.000125,0.196850393700787,With_DDS_dose
36.0018000900045,174.908745437272,165.708285414271,329.816490824541,156.30781539077,325.516275813791,0.95,19000,0.864,1,1,Chitosan_PCL,0.00051,0.000635,0.000125,0.196850393700787,With_DDS_dose
36.3018150907545,175.908795439772,166.908345417271,330.916545827291,157.40787039352,326.616330816541,0.96,19000,0.864,1,1,Chitosan_PCL,0.00051,0.000635,0.000125,0.196850393700787,With_DDS_dose
36.6018300915046,177.008850442522,167.908395419771,331.916595829792,158.30791539577,327.616380819041,0.97,19000,0.864,1,1,Chitosan_PCL,0.00051,0.000635,0.000125,0.196850393700787,With_DDS_dose
36.8018400920046,178.008900445022,168.908445422271,333.116655832792,159.30796539827,328.716435821791,0.98,19000,0.864,1,1,Chitosan_PCL,0.00051,0.000635,0.000125,0.196850393700787,With_DDS_dose
37.1018550927546,179.008950447522,169.808490424521,334.016700835042,160.30801540077,329.716485824291,0.99,19000,0.864,1,1,Chitosan_PCL,0.00051,0.000635,0.000125,0.196850393700787,With_DDS_dose
37.4018700935047,180.009000450023,170.908545427271,335.016750837542,161.20806040302,330.716535826791,1,19000,0.864,1,1,Chitosan_PCL,0.00051,0.000635,0.000125,0.196850393700787,With_DDS_dose
37.7018850942547,181.009050452523,171.808590429521,336.016800840042,162.20811040552,331.816590829541,1.01,19000,0.864,1,1,Chitosan_PCL,0.00051,0.000635,0.000125,0.196850393700787,With_DDS_dose
38.0019000950047,182.009100455023,172.808640432022,337.116855842792,163.20816040802,332.816640832042,1.02,19000,0.864,1,1,Chitosan_PCL,0.00051,0.000635,0.000125,0.196850393700787,With_DDS_dose
38.3019150957548,183.009150457523,173.808690434522,338.016900845042,164.208210410521,333.716685834292,1.03,19000,0.864,1,1,Chitosan_PCL,0.00051,0.000635,0.000125,0.196850393700787,With_DDS_dose
38.6019300965048,183.909195459773,174.708735436772,339.116955847792,165.208260413021,334.816740837042,1.04,19000,0.864,1,1,Chitosan_PCL,0.00051,0.000635,0.000125,0.196850393700787,With_DDS_dose
38.9019450972549,184.809240462023,175.708785439272,340.017000850043,166.108305415271,335.616780839042,1.05,19000,0.864,1,1,Chitosan_PCL,0.00051,0.000635,0.000125,0.196850393700787,With_DDS_dose
39.2019600980049,185.809290464523,176.608830441522,341.017050852543,167.008350417521,336.716835841792,1.06,19000,0.864,1,1,Chitosan_PCL,0.00051,0.000635,0.000125,0.196850393700787,With_DDS_dose
39.5019750987549,186.709335466773,177.608880444022,342.017100855043,167.908395419771,337.716885844292,1.07,19000,0.864,1,1,Chitosan_PCL,0.00051,0.000635,0.000125,0.196850393700787,With_DDS_dose
39.801990099505,187.709385469273,178.508925446272,342.817140857043,168.808440422021,338.616930846542,1.08,19000,0.864,1,1,Chitosan_PCL,0.00051,0.000635,0.000125,0.196850393700787,With_DDS_dose
40.102005100255,188.609430471524,179.408970448522,343.917195859793,169.808490424521,339.616980849042,1.09,19000,0.864,1,1,Chitosan_PCL,0.00051,0.000635,0.000125,0.196850393700787,With_DDS_dose
40.402020101005,189.509475473774,180.309015450773,344.717235861793,170.708535426771,340.417020851043,1.1,19000,0.864,1,1,Chitosan_PCL,0.00051,0.000635,0.000125,0.196850393700787,With_DDS_dose
40.7020351017551,190.409520476024,181.209060453023,345.717285864293,171.608580429021,341.317065853293,1.11,19000,0.864,1,1,Chitosan_PCL,0.00051,0.000635,0.000125,0.196850393700787,With_DDS_dose
41.0020501025051,191.309565478274,182.109105455273,346.617330866543,172.508625431272,342.217110855543,1.12,19000,0.864,1,1,Chitosan_PCL,0.00051,0.000635,0.000125,0.196850393700787,With_DDS_dose
41.3020651032552,192.209610480524,183.109155457773,347.517375868793,173.308665433272,343.117155857793,1.13,19000,0.864,1,1,Chitosan_PCL,0.00051,0.000635,0.000125,0.196850393700787,With_DDS_dose
41.6020801040052,193.109655482774,183.909195459773,348.417420871044,174.308715435772,344.117205860293,1.14,19000,0.864,1,1,Chitosan_PCL,0.00051,0.000635,0.000125,0.196850393700787,With_DDS_dose
41.9020951047552,194.009700485024,184.809240462023,349.317465873294,175.108755437772,344.817240862043,1.15,19000,0.864,1,1,Chitosan_PCL,0.00051,0.000635,0.000125,0.196850393700787,With_DDS_dose
42.2021101055053,194.809740487024,185.609280464023,350.217510875544,175.908795439772,345.817290864543,1.16,19000,0.864,1,1,Chitosan_PCL,0.00051,0.000635,0.000125,0.196850393700787,With_DDS_dose
42.5021251062553,195.709785489274,186.509325466273,351.017550877544,176.808840442022,346.717335866793,1.17,19000,0.864,1,1,Chitosan_PCL,0.00051,0.000635,0.000125,0.196850393700787,With_DDS_dose
42.7021351067553,196.509825491275,187.309365468273,352.017600880044,177.708885444272,347.617380869043,1.18,19000,0.864,1,1,Chitosan_PCL,0.00051,0.000635,0.000125,0.196850393700787,With_DDS_dose
43.0021501075054,197.409870493525,188.109405470274,352.817640882044,178.508925446272,348.417420871044,1.19,19000,0.864,1,1,Chitosan_PCL,0.00051,0.000635,0.000125,0.196850393700787,With_DDS_dose
43.3021651082554,198.209910495525,189.009450472524,353.617680884044,179.308965448272,349.217460873044,1.2,19000,0.864,1,1,Chitosan_PCL,0.00051,0.000635,0.000125,0.196850393700787,With_DDS_dose
43.6021801090055,199.109955497775,189.809490474524,354.517725886294,180.109005450273,350.117505875294,1.21,19000,0.864,1,1,Chitosan_PCL,0.00051,0.000635,0.000125,0.196850393700787,With_DDS_dose
43.9021951097555,199.909995499775,190.709535476774,355.317765888294,180.909045452273,350.817540877044,1.22,19000,0.864,1,1,Chitosan_PCL,0.00051,0.000635,0.000125,0.196850393700787,With_DDS_dose
44.2022101105055,200.710035501775,191.509575478774,356.117805890295,181.809090454523,351.717585879294,1.23,19000,0.864,1,1,Chitosan_PCL,0.00051,0.000635,0.000125,0.196850393700787,With_DDS_dose
44.5022251112556,201.510075503775,192.309615480774,357.017850892545,182.609130456523,352.617630881544,1.24,19000,0.864,1,1,Chitosan_PCL,0.00051,0.000635,0.000125,0.196850393700787,With_DDS_dose
44.8022401120056,202.310115505775,193.109655482774,357.717885894295,183.409170458523,353.417670883544,1.25,19000,0.864,1,1,Chitosan_PCL,0.00051,0.000635,0.000125,0.196850393700787,With_DDS_dose
45.1022551127556,203.110155507775,193.909695484774,358.817940897045,184.209210460523,354.317715885794,1.26,19000,0.864,1,1,Chitosan_PCL,0.00051,0.000635,0.000125,0.196850393700787,With_DDS_dose
45.4022701135057,203.910195509775,194.709735486774,359.417970898545,185.009250462523,355.117755887794,1.27,19000,0.864,1,1,Chitosan_PCL,0.00051,0.000635,0.000125,0.196850393700787,With_DDS_dose
45.7022851142557,204.710235511776,195.509775488774,360.218010900545,185.809290464523,355.817790889544,1.28,19000,0.864,1,1,Chitosan_PCL,0.00051,0.000635,0.000125,0.196850393700787,With_DDS_dose
46.0023001150058,205.510275513776,196.209810490525,360.918045902295,186.509325466273,356.617830891545,1.29,19000,0.864,1,1,Chitosan_PCL,0.00051,0.000635,0.000125,0.196850393700787,With_DDS_dose
46.3023151157558,206.310315515776,197.009850492525,361.718085904295,187.309365468273,357.417870893545,1.3,19000,0.864,1,1,Chitosan_PCL,0.00051,0.000635,0.000125,0.196850393700787,With_DDS_dose
46.6023301165058,207.010350517526,197.809890494525,362.518125906295,188.109405470274,358.217910895545,1.31,19000,0.864,1,1,Chitosan_PCL,0.00051,0.000635,0.000125,0.196850393700787,With_DDS_dose
46.9023451172559,207.910395519776,198.509925496275,363.318165908295,188.809440472024,358.917945897295,1.32,19000,0.864,1,1,Chitosan_PCL,0.00051,0.000635,0.000125,0.196850393700787,With_DDS_dose
47.2023601180059,208.610430521526,199.309965498275,364.118205910296,189.609480474024,359.717985899295,1.33,19000,0.864,1,1,Chitosan_PCL,0.00051,0.000635,0.000125,0.196850393700787,With_DDS_dose
47.5023751187559,209.310465523276,200.010000500025,364.818240912046,190.309515475774,360.418020901045,1.34,19000,0.864,1,1,Chitosan_PCL,0.00051,0.000635,0.000125,0.196850393700787,With_DDS_dose
47.702385119256,210.110505525276,200.810040502025,365.518275913796,191.109555477774,361.218060903045,1.35,19000,0.864,1,1,Chitosan_PCL,0.00051,0.000635,0.000125,0.196850393700787,With_DDS_dose
48.002400120006,210.810540527026,201.610080504025,366.418320916046,191.809590479524,362.018100905045,1.36,19000,0.864,1,1,Chitosan_PCL,0.00051,0.000635,0.000125,0.196850393700787,With_DDS_dose
48.302415120756,211.510575528776,202.310115505775,367.118355917796,192.609630481524,362.818140907045,1.37,19000,0.864,1,1,Chitosan_PCL,0.00051,0.000635,0.000125,0.196850393700787,With_DDS_dose
48.6024301215061,212.310615530777,203.010150507525,367.818390919546,193.309665483274,363.518175908795,1.38,19000,0.864,1,1,Chitosan_PCL,0.00051,0.000635,0.000125,0.196850393700787,With_DDS_dose
48.9024451222561,213.010650532527,203.810190509525,368.718435921796,194.009700485024,364.318215910796,1.39,19000,0.864,1,1,Chitosan_PCL,0.00051,0.000635,0.000125,0.196850393700787,With_DDS_dose
49.2024601230061,213.710685534277,204.410220511026,369.318465923296,194.709735486774,364.918245912296,1.4,19000,0.864,1,1,Chitosan_PCL,0.00051,0.000635,0.000125,0.196850393700787,With_DDS_dose
49.5024751237562,214.410720536027,205.210260513026,370.018500925046,195.409770488524,365.718285914296,1.41,19000,0.864,1,1,Chitosan_PCL,0.00051,0.000635,0.000125,0.196850393700787,With_DDS_dose
49.8024901245062,215.210760538027,205.810290514526,370.718535926796,196.109805490275,366.418320916046,1.42,19000,0.864,1,1,Chitosan_PCL,0.00051,0.000635,0.000125,0.196850393700787,With_DDS_dose
50.1025051252563,215.910795539777,206.610330516526,371.518575928796,196.909845492275,367.118355917796,1.43,19000,0.864,1,1,Chitosan_PCL,0.00051,0.000635,0.000125,0.196850393700787,With_DDS_dose
50.4025201260063,216.610830541527,207.310365518276,372.018600930046,197.609880494025,367.918395919796,1.44,19000,0.864,1,1,Chitosan_PCL,0.00051,0.000635,0.000125,0.196850393700787,With_DDS_dose
50.7025351267563,217.310865543277,208.010400520026,372.818640932047,198.309915495775,368.518425921296,1.45,19000,0.864,1,1,Chitosan_PCL,0.00051,0.000635,0.000125,0.196850393700787,With_DDS_dose
51.0025501275064,218.010900545027,208.710435521776,373.518675933797,198.909945497275,369.118455922796,1.46,19000,0.864,1,1,Chitosan_PCL,0.00051,0.000635,0.000125,0.196850393700787,With_DDS_dose
51.3025651282564,218.710935546777,209.410470523526,374.218710935547,199.609980499025,369.918495924796,1.47,19000,0.864,1,1,Chitosan_PCL,0.00051,0.000635,0.000125,0.196850393700787,With_DDS_dose
51.6025801290064,219.410970548527,210.110505525276,374.918745937297,200.310015500775,370.618530926546,1.48,19000,0.864,1,1,Chitosan_PCL,0.00051,0.000635,0.000125,0.196850393700787,With_DDS_dose
51.8025901295065,220.011000550027,210.710535526776,375.718785939297,201.010050502525,371.318565928296,1.49,19000,0.864,1,1,Chitosan_PCL,0.00051,0.000635,0.000125,0.196850393700787,With_DDS_dose
52.1026051302565,220.711035551778,211.410570528526,376.218810940547,201.610080504025,372.018600930046,1.5,19000,0.864,1,1,Chitosan_PCL,0.00051,0.000635,0.000125,0.196850393700787,With_DDS_dose
52.4026201310066,221.411070553528,212.010600530026,377.018850942547,202.310115505775,372.618630931547,1.51,19000,0.864,1,1,Chitosan_PCL,0.00051,0.000635,0.000125,0.196850393700787,With_DDS_dose
52.7026351317566,222.111105555278,212.710635531777,377.618880944047,202.910145507275,373.318665933297,1.52,19000,0.864,1,1,Chitosan_PCL,0.00051,0.000635,0.000125,0.196850393700787,With_DDS_dose
53.0026501325066,222.711135556778,213.410670533527,378.218910945547,203.610180509025,373.918695934797,1.53,19000,0.864,1,1,Chitosan_PCL,0.00051,0.000635,0.000125,0.196850393700787,With_DDS_dose
53.3026651332567,223.311165558278,214.110705535277,378.918945947297,204.310215510776,374.518725936297,1.54,19000,0.864,1,1,Chitosan_PCL,0.00051,0.000635,0.000125,0.196850393700787,With_DDS_dose
53.6026801340067,224.011200560028,214.710735536777,379.618980949047,204.910245512276,375.318765938297,1.55,19000,0.864,1,1,Chitosan_PCL,0.00051,0.000635,0.000125,0.196850393700787,With_DDS_dose
53.9026951347567,224.711235561778,215.310765538277,380.419020951048,205.610280514026,376.018800940047,1.56,19000,0.864,1,1,Chitosan_PCL,0.00051,0.000635,0.000125,0.196850393700787,With_DDS_dose
54.2027101355068,225.211260563028,216.110805540277,380.919045952298,206.310315515776,376.618830941547,1.57,19000,0.864,1,1,Chitosan_PCL,0.00051,0.000635,0.000125,0.196850393700787,With_DDS_dose
54.5027251362568,226.011300565028,216.610830541527,381.619080954048,206.810340517026,377.218860943047,1.58,19000,0.864,1,1,Chitosan_PCL,0.00051,0.000635,0.000125,0.196850393700787,With_DDS_dose
54.8027401370069,226.611330566528,217.410870543527,382.219110955548,207.510375518776,377.918895944797,1.59,19000,0.864,1,1,Chitosan_PCL,0.00051,0.000635,0.000125,0.196850393700787,With_DDS_dose
55.1027551377569,227.211360568028,217.910895544777,382.819140957048,208.110405520276,378.518925946297,1.6,19000,0.864,1,1,Chitosan_PCL,0.00051,0.000635,0.000125,0.196850393700787,With_DDS_dose
55.4027701385069,227.911395569778,218.610930546527,383.519175958798,208.810440522026,379.218960948047,1.61,19000,0.864,1,1,Chitosan_PCL,0.00051,0.000635,0.000125,0.196850393700787,With_DDS_dose
55.702785139257,228.411420571029,219.210960548027,384.119205960298,209.410470523526,379.718985949297,1.62,19000,0.864,1,1,Chitosan_PCL,0.00051,0.000635,0.000125,0.196850393700787,With_DDS_dose
55.902795139757,229.111455572779,219.810990549527,384.819240962048,210.010500525026,380.419020951048,1.63,19000,0.864,1,1,Chitosan_PCL,0.00051,0.000635,0.000125,0.196850393700787,With_DDS_dose
56.202810140507,229.711485574279,220.411020551028,385.319265963298,210.710535526776,381.019050952548,1.64,19000,0.864,1,1,Chitosan_PCL,0.00051,0.000635,0.000125,0.196850393700787,With_DDS_dose
56.5028251412571,230.311515575779,221.111055552778,385.919295964798,211.310565528276,381.619080954048,1.65,19000,0.864,1,1,Chitosan_PCL,0.00051,0.000635,0.000125,0.196850393700787,With_DDS_dose
56.8028401420071,231.011550577529,221.711085554278,386.519325966298,211.810590529526,382.319115955798,1.66,19000,0.864,1,1,Chitosan_PCL,0.00051,0.000635,0.000125,0.196850393700787,With_DDS_dose
57.1028551427571,231.511575578779,222.311115555778,387.219360968048,212.510625531277,382.919145957298,1.67,19000,0.864,1,1,Chitosan_PCL,0.00051,0.000635,0.000125,0.196850393700787,With_DDS_dose
57.4028701435072,232.111605580279,222.911145557278,387.819390969548,213.010650532527,383.519175958798,1.68,19000,0.864,1,1,Chitosan_PCL,0.00051,0.000635,0.000125,0.196850393700787,With_DDS_dose
57.7028851442572,232.811640582029,223.411170558528,388.419420971049,213.710685534277,384.019200960048,1.69,19000,0.864,1,1,Chitosan_PCL,0.00051,0.000635,0.000125,0.196850393700787,With_DDS_dose
58.0029001450073,233.311665583279,224.011200560028,389.119455972799,214.210710535527,384.719235961798,1.7,19000,0.864,1,1,Chitosan_PCL,0.00051,0.000635,0.000125,0.196850393700787,With_DDS_dose
58.3029151457573,234.011700585029,224.611230561528,389.619480974049,214.810740537027,385.319265963298,1.71,19000,0.864,1,1,Chitosan_PCL,0.00051,0.000635,0.000125,0.196850393700787,With_DDS_dose
58.6029301465073,234.511725586279,225.211260563028,390.219510975549,215.410770538527,385.919295964798,1.72,19000,0.864,1,1,Chitosan_PCL,0.00051,0.000635,0.000125,0.196850393700787,With_DDS_dose
58.9029451472574,235.211760588029,225.911295564778,390.819540977049,215.910795539777,386.419320966048,1.73,19000,0.864,1,1,Chitosan_PCL,0.00051,0.000635,0.000125,0.196850393700787,With_DDS_dose
59.2029601480074,235.711785589279,226.411320566028,391.419570978549,216.710835541777,387.019350967548,1.74,19000,0.864,1,1,Chitosan_PCL,0.00051,0.000635,0.000125,0.196850393700787,With_DDS_dose
59.4029701485074,236.31181559078,227.011350567528,391.919595979799,217.110855542777,387.619380969048,1.75,19000,0.864,1,1,Chitosan_PCL,0.00051,0.000635,0.000125,0.196850393700787,With_DDS_dose
59.7029851492575,236.91184559228,227.511375568778,392.519625981299,217.810890544527,388.219410970549,1.76,19000,0.864,1,1,Chitosan_PCL,0.00051,0.000635,0.000125,0.196850393700787,With_DDS_dose
60.0030001500075,237.41187059353,228.211410570529,393.119655982799,218.410920546027,388.819440972049,1.77,19000,0.864,1,1,Chitosan_PCL,0.00051,0.000635,0.000125,0.196850393700787,With_DDS_dose
60.3030151507575,238.01190059503,228.711435571779,393.719685984299,218.910945547277,389.419470973549,1.78,19000,0.864,1,1,Chitosan_PCL,0.00051,0.000635,0.000125,0.196850393700787,With_DDS_dose
60.6030301515076,238.61193059653,229.311465573279,394.219710985549,219.410970548527,389.919495974799,1.79,19000,0.864,1,1,Chitosan_PCL,0.00051,0.000635,0.000125,0.196850393700787,With_DDS_dose
60.9030451522576,239.21196059803,229.811490574529,394.819740987049,220.011000550027,390.519525976299,1.8,19000,0.864,1,1,Chitosan_PCL,0.00051,0.000635,0.000125,0.196850393700787,With_DDS_dose
61.2030601530076,239.71198559928,230.411520576029,395.419770988549,220.611030551528,391.119555977799,1.81,19000,0.864,1,1,Chitosan_PCL,0.00051,0.000635,0.000125,0.196850393700787,With_DDS_dose
61.5030751537577,240.31201560078,230.911545577279,396.019800990049,221.111055552778,391.719585979299,1.82,19000,0.864,1,1,Chitosan_PCL,0.00051,0.000635,0.000125,0.196850393700787,With_DDS_dose
61.8030901545077,240.81204060203,231.511575578779,396.5198259913,221.711085554278,392.219610980549,1.83,19000,0.864,1,1,Chitosan_PCL,0.00051,0.000635,0.000125,0.196850393700787,With_DDS_dose
62.1031051552578,241.41207060353,232.011600580029,397.1198559928,222.211110555528,392.719635981799,1.84,19000,0.864,1,1,Chitosan_PCL,0.00051,0.000635,0.000125,0.196850393700787,With_DDS_dose
62.4031201560078,241.91209560478,232.611630581529,397.61988099405,222.811140557028,393.319665983299,1.85,19000,0.864,1,1,Chitosan_PCL,0.00051,0.000635,0.000125,0.196850393700787,With_DDS_dose
62.6031301565078,242.51212560628,233.111655582779,398.21991099555,223.311165558278,393.819690984549,1.86,19000,0.864,1,1,Chitosan_PCL,0.00051,0.000635,0.000125,0.196850393700787,With_DDS_dose
62.9031451572579,243.01215060753,233.611680584029,398.81994099705,223.811190559528,394.319715985799,1.87,19000,0.864,1,1,Chitosan_PCL,0.00051,0.000635,0.000125,0.196850393700787,With_DDS_dose
63.2031601580079,243.61218060903,234.211710585529,399.21996099805,224.511225561278,394.919745987299,1.88,19000,0.864,1,1,Chitosan_PCL,0.00051,0.000635,0.000125,0.196850393700787,With_DDS_dose
63.5031751587579,244.112205610281,234.711735586779,399.81999099955,224.911245562278,395.519775988799,1.89,19000,0.864,1,1,Chitosan_PCL,0.00051,0.000635,0.000125,0.196850393700787,With_DDS_dose
63.803190159508,244.612230611531,235.311765588279,400.42002100105,225.511275563778,396.019800990049,1.9,19000,0.864,1,1,Chitosan_PCL,0.00051,0.000635,0.000125,0.196850393700787,With_DDS_dose
64.103205160258,245.212260613031,235.811790589529,400.82004100205,226.011300565028,396.41982099105,1.91,19000,0.864,1,1,Chitosan_PCL,0.00051,0.000635,0.000125,0.196850393700787,With_DDS_dose
64.4032201610081,245.712285614281,236.41182059103,401.42007100355,226.511325566278,397.01985099255,1.92,19000,0.864,1,1,Chitosan_PCL,0.00051,0.000635,0.000125,0.196850393700787,With_DDS_dose
64.7032351617581,246.212310615531,236.91184559228,401.9200960048,227.111355567778,397.61988099405,1.93,19000,0.864,1,1,Chitosan_PCL,0.00051,0.000635,0.000125,0.196850393700787,With_DDS_dose
65.0032501625081,246.812340617031,237.41187059353,402.42012100605,227.611380569028,398.1199059953,1.94,19000,0.864,1,1,Chitosan_PCL,0.00051,0.000635,0.000125,0.196850393700787,With_DDS_dose
65.3032651632582,247.212360618031,237.91189559478,403.02015100755,228.011400570029,398.5199259963,1.95,19000,0.864,1,1,Chitosan_PCL,0.00051,0.000635,0.000125,0.196850393700787,With_DDS_dose
65.5032751637582,247.812390619531,238.51192559628,403.5201760088,228.611430571529,399.1199559978,1.96,19000,0.864,1,1,Chitosan_PCL,0.00051,0.000635,0.000125,0.196850393700787,With_DDS_dose
65.8032901645082,248.312415620781,239.01195059753,404.020201010051,229.111455572779,399.7199859993,1.97,19000,0.864,1,1,Chitosan_PCL,0.00051,0.000635,0.000125,0.196850393700787,With_DDS_dose
66.1033051652583,248.812440622031,239.51197559878,404.520226011301,229.711485574279,400.22001100055,1.98,19000,0.864,1,1,Chitosan_PCL,0.00051,0.000635,0.000125,0.196850393700787,With_DDS_dose
66.4033201660083,249.412470623531,240.01200060003,404.920246012301,230.211510575529,400.82004100205,1.99,19000,0.864,1,1,Chitosan_PCL,0.00051,0.000635,0.000125,0.196850393700787,With_DDS_dose
66.7033351667583,249.812490624531,240.51202560128,405.520276013801,230.711535576779,401.22006100305,2,19000,0.864,1,1,Chitosan_PCL,0.00051,0.000635,0.000125,0.196850393700787,With_DDS_dose
58.7029351467573,109.605480274014,106.305315265763,146.107305365268,103.805190259513,145.007250362518,2,19000,0.864,0.5,1,Chitosan_PCL,0.000255,0.00038,0.000125,0.328947368421053,BiLayer_Changing_Chitosan
66.7033351667583,249.812490624531,240.51202560128,405.520276013801,230.711535576779,401.22006100305,2,19000,0.864,1,1,Chitosan_PCL,0.00051,0.000635,0.000125,0.196850393700787,BiLayer_Changing_Chitosan
54.3027151357568,363.118155907795,344.117205860293,715.135756787839,323.31616580829,705.335266763338,2,19000,0.864,1.5,1,Chitosan_PCL,0.000765,0.00089,0.000125,0.140449438202247,BiLayer_Changing_Chitosan
43.9021951097555,417.720886044302,389.319465973299,1029.65148257413,356.117805890295,1012.85064253213,2,19000,0.864,2,1,Chitosan_PCL,0.00102,0.001145,0.000125,0.109170305676856,BiLayer_Changing_Chitosan
32.401620081004,394.119705985299,356.117805890295,1569.77848892445,313.915695784789,1531.47657382869,2,19000,0.864,3,1,Chitosan_PCL,0.00153,0.001655,0.000125,0.0755287009063445,BiLayer_Changing_Chitosan
26.7013350667533,316.41582079104,281.214060703035,1885.99429971499,243.11215560778,1824.29121456073,2,19000,0.864,4,1,Chitosan_PCL,0.00204,0.002165,0.000125,0.0577367205542726,BiLayer_Changing_Chitosan
23.4011700585029,246.112305615281,216.410820541027,1972.89864493225,185.309265463273,1897.29486474324,2,19000,0.864,5,1,Chitosan_PCL,0.00255,0.002675,0.000125,0.0467289719626169,BiLayer_Changing_Chitosan
66.6033301665083,249.612480624031,240.31201560078,405.320266013301,230.511525576279,401.02005100255,2,19000,0.864,1,0.01,Chitosan_PCL,0.00051,0.00051125,1.24999999999995e-06,0.00244498777506102,BiLayer_Changing_PCL
66.6033301665083,249.612480624031,240.31201560078,405.320266013301,230.411520576029,401.02005100255,2,19000,0.864,1,0.1,Chitosan_PCL,0.00051,0.0005225,1.25e-05,0.0239234449760766,BiLayer_Changing_PCL
66.7033351667583,249.812490624531,240.51202560128,405.520276013801,230.711535576779,401.22006100305,2,19000,0.864,1,1,Chitosan_PCL,0.00051,0.000635,0.000125,0.196850393700787,BiLayer_Changing_PCL
68.4034201710085,252.012600630031,242.71213560678,407.920396019801,232.911645582279,403.62018100905,2,19000,0.864,1,10,Chitosan_PCL,0.00051,0.00176,0.00125,0.710227272727273,BiLayer_Changing_PCL
72.5036251812591,256.312815640782,246.912345617281,411.720586029301,237.11185559278,407.120356017801,2,19000,0.864,1,20,Chitosan_PCL,0.00051,0.00301,0.0025,0.830564784053156,BiLayer_Changing_PCL
75.4037701885094,258.812940647032,249.612480624031,415.020751037552,239.91199559978,410.520526026301,2,19000,0.864,1,25,Chitosan_PCL,0.00051,0.003635,0.003125,0.859697386519945,BiLayer_Changing_PCL
79.1039551977599,262.313115655783,253.312665633282,419.120956047802,243.61218060903,414.520726036302,2,19000,0.864,1,30,Chitosan_PCL,0.00051,0.00426,0.00375,0.880281690140845,BiLayer_Changing_PCL
36.7018350917546,58.8029401470073,56.9028451422571,73.1036551827591,55.902795139757,72.6036301815091,2,19000,0.864,0.1,10,Chitosan_PCL,5.1e-05,0.001301,0.00125,0.960799385088393,BiLayer_Changing_Both
58.8029401470073,109.705485274264,106.405320266013,146.207310365518,103.905195259763,145.107255362768,2,19000,0.864,0.5,2,Chitosan_PCL,0.000255,0.000505,0.00025,0.495049504950495,BiLayer_Changing_Both
54.5027251362568,363.418170908545,344.917245862293,715.735786789339,323.71618580929,705.935296764838,2,19000,0.864,1.5,3,Chitosan_PCL,0.000765,0.00114,0.000375,0.328947368421053,BiLayer_Changing_Both
44.4022201110055,418.820941047052,390.219510975549,1031.15155757788,357.417870893545,1014.45072253613,2,19000,0.864,2,5,Chitosan_PCL,0.00102,0.001645,0.000625,0.379939209726444,BiLayer_Changing_Both
32.8016400820041,395.619780989049,357.817890894545,1571.57857892895,316.11580579029,1532.27661383069,2,19000,0.864,3,6,Chitosan_PCL,0.00153,0.00228,0.00075,0.328947368421053,BiLayer_Changing_Both
26.7013350667533,316.41582079104,280.914045702285,1883.69418470924,243.41217060853,1824.89124456223,2,19000,0.864,4,2,Chitosan_PCL,0.00204,0.00229,0.00025,0.109170305676856,BiLayer_Changing_Both
23.5011750587529,246.312315615781,216.610830541527,1977.998899945,185.209260463023,1883.49417470874,2,19000,0.864,5,0.5,Chitosan_PCL,0.00255,0.0026125,6.25000000000001e-05,0.0239234449760766,BiLayer_Changing_Both
35.2017600880044,57.2028601430072,55.4027701385069,71.5035751787589,54.4027201360068,71.1035551777589,2,19000,0.864,0,0,PCL,0,6.35e-08,6.35e-08,1,PCL_single
35.2017600880044,57.3028651432572,55.4027701385069,71.6035801790089,54.4027201360068,71.1035551777589,2,19000,0.864,0,0,PCL,0,0.000635,0.000635,1,PCL_single
62.4031201560078,296.014800740037,283.814190709535,514.225711285564,270.113505675284,508.225411270564,2,19000,0.864,0,0,PCL,0,0.01905,0.01905,1,PCL_single
44.4022201110055,415.520776038802,388.219410970549,1009.55047752388,355.217760888044,993.449672483624,2,19000,0.864,0,0,PCL,0,0.03175,0.03175,1,PCL_single
34.4017200860043,408.620431021551,371.918595929796,1451.77258862943,330.816540827041,1421.77108855443,2,19000,0.864,0,0,PCL,0,0.04445,0.04445,1,PCL_single
28.9014450722536,351.417570878544,314.615730786539,1771.98859942997,275.713785689284,1719.48597429871,2,19000,0.864,0,0,PCL,0,0.05715,0.05715,1,PCL_single
27.0013500675034,320.21601080054,284.314215710786,1872.59362968148,246.612330616531,1811.59057952898,2,19000,0.864,0,0,PCL,0,0.0635,0.0635,1,PCL_single
39.701985099255,61.7030851542577,59.9029951497575,76.0038001900095,58.8029401470073,75.6037801890095,2,19000,0.864,0.0001,0,Chitosan,0,5.1e-08,0,0,Chitosan_single
39.801990099505,61.8030901545077,60.0030001500075,76.1038051902595,59.0029501475074,75.7037851892595,2,19000,0.864,0.1,0,Chitosan,0,5.1e-05,0,0,Chitosan_single
47.2023601180059,73.2036601830091,71.2035601780089,90.0045002250113,70.0035001750088,89.5044752237612,2,19000,0.864,0.5,0,Chitosan,0,0.000255,0,0,Chitosan_single
59.3029651482574,146.007300365018,140.907045352268,216.110805540277,136.406820341017,214.110705535277,2,19000,0.864,1,0,Chitosan,0,0.00051,0,0,Chitosan_single
45.8022901145057,324.816240812041,298.914945747287,937.146857342867,270.613530676534,918.445922296115,2,19000,0.864,3,0,Chitosan,0,0.00153,0,0,Chitosan_single
40.6020301015051,248.512425621281,222.011100555028,1422.27111355568,192.909645482274,1374.36871843592,2,19000,0.864,5,0,Chitosan,0,0.00255,0,0,Chitosan_single
36.8018400920046,104.905245262263,92.6046302315116,1226.1613080654,83.3041652082604,1162.85814290715,2,19000,0.864,10,0,Chitosan,0,0.0051,0,0,Chitosan_single
34.0017000850043,56.102805140257,54.3027151357568,70.4035201760088,53.2026601330067,70.0035001750088,2,19000,0.864,0,0,NaN,NaN,NaN,0,NaN,Without_DDS_changing_kD
41.5020751037552,63.6031801590079,61.7030851542577,77.9038951947597,60.7030351517576,77.4038701935097,2,9500,0.864,0,0,NaN,NaN,NaN,0,NaN,Without_DDS_changing_kD
49.0024501225061,71.0035501775089,69.2034601730087,85.3042652132607,68.1034051702585,84.9042452122606,2,4750,0.864,0,0,NaN,NaN,NaN,0,NaN,Without_DDS_changing_kD
58.9029451472574,80.8040402020101,79.0039501975099,95.2047602380119,78.0039001950097,94.7047352367618,2,1900,0.864,0,0,NaN,NaN,NaN,0,NaN,Without_DDS_changing_kD
66.7033351667583,249.812490624531,240.51202560128,405.520276013801,230.711535576779,401.22006100305,2,19000,0.864,1,1,Chitosan_PCL,0.00051,0.000635,0.000125,0.196850393700787,With_DDS_changing_kD
118.405920296015,320.01600080004,310.815540777039,475.923796189809,300.915045752288,471.623581179059,2,9500,0.864,1,1,Chitosan_PCL,0.00051,0.000635,0.000125,0.196850393700787,With_DDS_changing_kD
184.609230461523,390.219510975549,381.219060953048,546.227311365568,371.418570928546,541.927096354818,2,4750,0.864,1,1,Chitosan_PCL,0.00051,0.000635,0.000125,0.196850393700787,With_DDS_changing_kD
276.813840692035,482.52412620631,474.123706185309,638.83194159708,464.223211160558,634.531726586329,2,1900,0.864,1,1,Chitosan_PCL,0.00051,0.000635,0.000125,0.196850393700787,With_DDS_changing_kD
25.4012700635032,49.4024701235062,53.4026701335067,70.4035201760088,53.0026501325066,70.2035101755088,2,19000,0,0,0,NaN,NaN,NaN,0,NaN,Without_DDS_changing_koff
34.0017000850043,56.102805140257,54.3027151357568,70.4035201760088,53.2026601330067,70.0035001750088,2,19000,0,0,0,NaN,NaN,NaN,0,NaN,Without_DDS_changing_koff
39.3019650982549,59.7029851492575,54.4027201360068,70.3035151757588,52.3026151307565,69.4034701735087,2,19000,0,0,0,NaN,NaN,NaN,0,NaN,Without_DDS_changing_koff
43.0021501075054,62.0031001550078,54.5027251362568,70.2035101755088,49.9024951247562,68.4034201710085,2,19000,0,0,0,NaN,NaN,NaN,0,NaN,Without_DDS_changing_koff
66.7033351667583,249.812490624531,240.51202560128,405.520276013801,230.711535576779,401.22006100305,2,19000,0.864,1,1,Chitosan_PCL,0.00051,0.000635,0.000125,0.196850393700787,With_DDS_changing_koff
66.7033351667583,249.812490624531,240.51202560128,405.520276013801,230.711535576779,401.22006100305,2,19000,0.864,1,1,Chitosan_PCL,0.00051,0.000635,0.000125,0.196850393700787,With_DDS_changing_koff
66.7033351667583,249.812490624531,240.51202560128,405.520276013801,230.711535576779,401.22006100305,2,19000,0.864,1,1,Chitosan_PCL,0.00051,0.000635,0.000125,0.196850393700787,With_DDS_changing_koff
66.7033351667583,249.812490624531,240.51202560128,405.520276013801,230.711535576779,401.22006100305,2,19000,0.864,1,1,Chitosan_PCL,0.00051,0.000635,0.000125,0.196850393700787,With_DDS_changing_koff
